ID,Group_code,Time_text,Time_code,DOB,Age_years,Gender_text,Gender_code,Hispanic_text,Hispanic_code,Hispanic_dummy,Race_text,Race_White,Race_Black,Race_Asian,Race_AIAN,Race_NHPI,Race_Other,Year_text,Year_code,Major_text,Major_code,Familiar_SchoolPsych_text,Familiar_SchoolPsych,Courses_text,Courses,Know_SchoolPsych_text,Know_SchoolPsych,Interest_SchoolPsych_text,Interest_SchoolPsych,Appeal_text,Appeal_MentalHealth,Appeal_Academics,Appeal_Intervention,Appeal_Assessment,Appeal_children,Appeal_Other,Interest_change_text,Interest_change,Info_SchoolPsych_text,Info_SchoolPsych,Familiar_PosPsych_text,Familiar_PosPsych,Practice_PosPsych_text,Practice_PosPsych,Continue_PosPsych_text,Continue_PosPsych,SWLS_1,SWLS_2,SWLS_3,SWLS_4,SWLS_5,PANAS_Pos1,PANAS_Pos2,PANAS_Pos3,PANAS_Pos4,PANAS_Pos5,PANAS_Pos6,PANAS_Pos7,PANAS_Pos8,PANAS_Pos9,PANAS_Pos10,PANAS_Neg1,PANAS_Neg2,PANAS_Neg3,PANAS_Neg4,PANAS_Neg5,PANAS_Neg6,PANAS_Neg7,PANAS_Neg8,PANAS_Neg9,PANAS_Neg10,CSSWQ_1,CSSWQ_2,CSSWQ_3,CSSWQ_4,CSSWQ_5,CSSWQ_6,CSSWQ_7,CSSWQ_8,CSSWQ_9,CSSWQ_10,CSSWQ_11,CSSWQ_12,CSSWQ_13,CSSWQ_14,CSSWQ_15,CSSWQ_16,SCS_1,SCS_2,SCS_3,SCS_4,SCS_5,SCS_6,SCS_7,SCS_8,SCS_9,SCS_10,SCS_11,SCS_12,uniqueid
1,0,pre,1,06/07/2001,23.79,Male,1,"No, not of Hispanic, Latino, or Spanish origin",0,0,"White, Asian",1,0,1,0,0,0,Senior,4,Biochem,3,I have heard of it but know very little,2,NA,NA,No,0,Moderately interested,3,Developing and implementing intervention programs,0,0,1,0,0,0,NA,NA,No,0,I have moderate knowledge,3,Often,3,NA,NA,2,5,4,3,5,3,4,3,2,4,4,4,4,2,4,4,4,2,4,2,2,2,2,4,4,2,5,2,5,2,2,2,2,5,5,5,5,5,5,5,5,4,4,2,4,2,4,4,4,4,4,4,4,1
1M,0,mid,2,06/07/2001,23.79,Male,1,"No, not of Hispanic, Latino, or Spanish origin",0,0,"White, Asian",1,0,1,0,0,0,Senior,4,Biochem,3,NA,NA,NA,NA,NA,NA,NA,NA,NA,NA,NA,NA,NA,NA,NA,NA,NA,NA,NA,NA,NA,NA,NA,NA,NA,NA,NA,NA,NA,NA,NA,NA,NA,NA,NA,NA,NA,NA,NA,NA,NA,NA,NA,NA,NA,NA,NA,NA,NA,NA,NA,NA,NA,NA,NA,NA,NA,NA,NA,NA,NA,NA,NA,NA,NA,NA,NA,NA,NA,NA,NA,NA,NA,NA,NA,NA,NA,NA,1
1P,0,post,3,06/07/2001,23.79,Male,1,"No, not of Hispanic, Latino, or Spanish origin",0,0,"White, Asian",1,0,1,0,0,0,Senior,4,Biochem,3,NA,NA,NA,NA,NA,NA,NA,NA,NA,NA,NA,NA,NA,NA,NA,NA,NA,NA,NA,NA,NA,NA,NA,NA,NA,NA,NA,NA,NA,NA,NA,NA,NA,NA,NA,NA,NA,NA,NA,NA,NA,NA,NA,NA,NA,NA,NA,NA,NA,NA,NA,NA,NA,NA,NA,NA,NA,NA,NA,NA,NA,NA,NA,NA,NA,NA,NA,NA,NA,NA,NA,NA,NA,NA,NA,NA,NA,NA,1
2,0,pre,1,11/14/2005,19.35,Male,1,"No, not of Hispanic, Latino, or Spanish origin",0,0,White,1,0,0,0,0,0,Freshmen,1,Engineering First Year,3,I have heard of it but know very little,2,NA,NA,Yes,1,Not interested at all,1,Enhancing academic achievement and learning outcomes,0,1,0,0,0,0,NA,NA,No,0,I have limited knowledge,2,Rarely,1,NA,NA,4,5,5,6,6,2,2,4,2,4,3,2,4,4,3,4,3,3,1,2,4,1,2,2,1,2,5,1,7,6,5,4,2,4,3,6,5,2,2,2,5,3,2,4,3,2,2,4,4,4,3,4,4,2
2M,0,mid,2,11/14/2005,19.35,Male,1,"No, not of Hispanic, Latino, or Spanish origin",0,0,White,1,0,0,0,0,0,Freshmen,1,Engineering First Year,3,I know some general information,3,No,0,NA,NA,Not interested at all,1,Enhancing academic achievement and learning outcomes,0,1,0,0,0,0,Stayed the same,3,No,0,I have moderate knowledge,3,NA,NA,Moderately likely,3,6,6,5,6,4,3,3,2,4,5,3,4,3,4,4,3,1,1,1,2,3,1,4,3,1,2,5,2,7,6,6,5,5,5,4,6,6,5,4,4,6,2,2,3,2,3,2,3,2,2,3,3,3,2
2P,0,post,3,11/14/2005,19.35,Male,1,"No, not of Hispanic, Latino, or Spanish origin",0,0,White,1,0,0,0,0,0,Freshmen,1,Engineering First Year,3,2P,NA,NA,NA,NA,NA,NA,NA,NA,NA,NA,NA,NA,NA,NA,NA,NA,NA,NA,NA,NA,NA,NA,NA,NA,5,5,5,5,4,3,4,2,3,4,3,3,3,3,3,3,2,1,2,1,4,2,2,1,2,2,5,2,7,7,6,5,5,7,6,6,6,5,5,4,5,3,2,3,4,4,3,4,2,2,3,2,2,2
3,0,pre,1,01/11/2003,22.19,Female,2,"No, not of Hispanic, Latino, or Spanish origin",0,0,Asian,0,0,1,0,0,0,Senior,4,Electrical Engineering,3,I know some general information,3,NA,NA,No,0,Not interested at all,1,Enhancing academic achievement and learning outcomes,0,1,0,0,0,0,NA,NA,No,0,I have moderate knowledge,3,Rarely,1,NA,NA,4,4,5,6,2,2,4,4,4,4,5,4,4,4,4,4,3,1,1,1,3,1,4,4,2,6,5,5,7,4,4,6,6,6,6,6,7,7,5,5,7,3,3,2,4,4,5,4,5,4,2,4,4,3
3M,0,mid,2,01/11/2003,22.19,Female,2,"No, not of Hispanic, Latino, or Spanish origin",0,0,Asian,0,0,1,0,0,0,Senior,4,Electrical Engineering,3,NA,NA,NA,NA,NA,NA,NA,NA,NA,NA,NA,NA,NA,NA,NA,NA,NA,NA,NA,NA,NA,NA,NA,NA,NA,NA,NA,NA,NA,NA,NA,NA,NA,NA,NA,NA,NA,NA,NA,NA,NA,NA,NA,NA,NA,NA,NA,NA,NA,NA,NA,NA,NA,NA,NA,NA,NA,NA,NA,NA,NA,NA,NA,NA,NA,NA,NA,NA,NA,NA,NA,NA,NA,NA,NA,NA,NA,NA,3
3P,0,post,3,01/11/2003,22.19,Female,2,"No, not of Hispanic, Latino, or Spanish origin",0,0,Asian,0,0,1,0,0,0,Senior,4,Electrical Engineering,3,NA,NA,NA,NA,NA,NA,NA,NA,NA,NA,NA,NA,NA,NA,NA,NA,NA,NA,NA,NA,NA,NA,NA,NA,NA,NA,NA,NA,NA,NA,NA,NA,NA,NA,NA,NA,NA,NA,NA,NA,NA,NA,NA,NA,NA,NA,NA,NA,NA,NA,NA,NA,NA,NA,NA,NA,NA,NA,NA,NA,NA,NA,NA,NA,NA,NA,NA,NA,NA,NA,NA,NA,NA,NA,NA,NA,NA,NA,3
4,1,pre,1,05/14/2004,20.85,Female,2,"No, not of Hispanic, Latino, or Spanish origin",0,0,Asian,0,0,1,0,0,0,Junior,3,Psychology,1,I know some general information,3,NA,NA,Yes,1,Not interested at all,1,Supporting mental health in school environments,1,0,0,0,0,0,NA,NA,No,0,I have moderate knowledge,3,Often,3,NA,NA,6,6,6,6,5,3,4,3,4,3,4,2,4,2,2,4,3,3,4,2,4,2,3,2,2,5,6,6,6,6,6,4,6,6,6,6,6,6,6,4,6,4,3,3,4,4,4,3,3,4,4,4,3,4
4M,1,mid,2,05/14/2004,20.85,Female,2,"No, not of Hispanic, Latino, or Spanish origin",0,0,Asian,0,0,1,0,0,0,Junior,3,Psychology,1,NA,NA,NA,NA,NA,NA,NA,NA,NA,NA,NA,NA,NA,NA,NA,NA,NA,NA,NA,NA,NA,NA,NA,NA,NA,5,5,6,6,5,4,4,3,4,4,3,4,4,4,3,3,3,4,3,3,3,3,4,4,4,5,5,5,6,6,6,6,5,6,5,6,5,6,6,5,5,3,3,2,4,4,3,2,4,4,3,4,3,4
4P,1,post,3,05/14/2004,20.85,Female,2,"No, not of Hispanic, Latino, or Spanish origin",0,0,Asian,0,0,1,0,0,0,Junior,3,Psychology,1,I know some general information,NA,NA,NA,NA,NA,NA,NA,NA,NA,NA,NA,NA,NA,NA,NA,NA,NA,NA,NA,NA,NA,NA,NA,NA,5,6,6,6,6,3,3,3,3,4,4,3,3,4,4,3,3,3,4,3,4,2,4,3,4,7,6,6,6,6,6,6,6,6,6,6,6,6,6,6,6,3,3,4,2,4,4,3,2,4,3,2,3,4
5,0,pre,1,05/04/2006,18.88,Female,2,"No, not of Hispanic, Latino, or Spanish origin",0,0,White,1,0,0,0,0,0,Freshmen,1,Business,6,I know some general information,3,NA,NA,No,0,Not interested at all,1,"Working with children and adolescents, Supporting mental health in school environments",1,0,0,0,1,0,NA,NA,No,0,I have moderate knowledge,3,Ocassionally,2,NA,NA,5,4,5,4,1,4,5,2,4,2,3,3,2,2,4,4,3,1,2,1,1,1,2,4,2,4,6,5,5,5,2,7,7,3,3,6,5,4,6,7,6,5,3,4,4,4,3,2,5,5,4,4,4,5
5M,0,mid,2,05/04/2006,18.88,Female,2,"No, not of Hispanic, Latino, or Spanish origin",0,0,White,1,0,0,0,0,0,Freshmen,1,Business,6,NA,NA,NA,NA,NA,NA,NA,NA,NA,NA,NA,NA,NA,NA,NA,NA,NA,NA,NA,NA,NA,NA,NA,NA,NA,3,5,5,2,1,1,3,1,3,1,3,1,1,2,1,3,4,1,4,3,3,1,2,4,1,3,1,6,5,3,1,5,5,1,1,5,5,4,1,6,6,2,3,4,2,3,2,3,2,1,2,1,1,5
5P,0,post,3,05/04/2006,18.88,Female,2,"No, not of Hispanic, Latino, or Spanish origin",0,0,White,1,0,0,0,0,0,Freshmen,1,Business,6,NA,NA,NA,NA,NA,NA,NA,NA,NA,NA,NA,NA,NA,NA,NA,NA,NA,NA,NA,NA,NA,NA,NA,NA,NA,5,4,6,4,3,4,4,2,5,5,3,1,2,3,5,2,3,1,1,1,2,1,2,1,1,5,5,6,6,5,4,6,6,4,3,6,6,5,5,6,6,3,4,5,4,4,3,4,3,2,4,4,5,5
6,0,pre,1,04/24/2005,19.91,Female,2,"No, not of Hispanic, Latino, or Spanish origin",0,0,White,1,0,0,0,0,0,Sophmore,2,Political Science and Philosophy,5,I know some general information,3,NA,NA,No,0,Not interested at all,1,"Supporting mental health in school environments, Developing and implementing intervention programs",1,0,1,0,0,0,NA,NA,No,0,I have moderate knowledge,3,Often,3,NA,NA,6,7,7,7,7,5,3,2,3,4,1,1,4,3,5,1,3,2,2,2,2,1,4,4,1,6,7,6,7,7,7,7,7,7,7,7,7,7,7,7,7,3,4,2,4,1,1,2,4,5,2,4,5,6
6M,0,mid,2,04/24/2005,19.91,Female,2,"No, not of Hispanic, Latino, or Spanish origin",0,0,White,1,0,0,0,0,0,Sophmore,2,Political Science and Philosophy,5,NA,NA,NA,NA,NA,NA,NA,NA,NA,NA,NA,NA,NA,NA,NA,NA,NA,NA,NA,NA,NA,NA,NA,NA,NA,6,6,7,6,7,4,5,3,2,1,1,1,1,1,3,1,2,1,2,1,3,1,4,2,1,7,7,7,7,7,7,7,7,6,7,7,7,7,7,7,7,4,1,3,2,1,1,2,2,1,2,3,3,6
6P,0,post,3,04/24/2005,19.91,Female,2,"No, not of Hispanic, Latino, or Spanish origin",0,0,White,1,0,0,0,0,0,Sophmore,2,Political Science and Philosophy,5,NA,NA,NA,NA,NA,NA,NA,NA,NA,NA,NA,NA,NA,NA,NA,NA,NA,NA,NA,NA,NA,NA,NA,NA,NA,7,7,7,7,7,5,4,4,3,4,4,1,5,4,5,5,3,2,1,1,3,1,5,3,1,7,7,7,7,7,7,7,7,7,7,7,7,7,7,7,7,2,3,4,4,1,2,2,3,1,1,3,4,6
7,1,pre,1,01/24/2005,20.15,Female,2,"No, not of Hispanic, Latino, or Spanish origin",0,0,Asian,0,0,1,0,0,0,Sophmore,2,Psycholofy,1,I know some general information,3,NA,NA,No,0,Moderately interested,3,"Working with children and adolescents, Supporting mental health in school environments, Conducting psychological assessments and evaluations",1,0,0,1,1,0,NA,NA,Yes,1,I have moderate knowledge,3,Ocassionally,2,NA,NA,7,5,5,5,5,2,4,1,4,4,1,2,5,4,3,4,4,5,5,3,3,1,5,4,3,5,6,6,7,6,6,4,5,6,5,7,7,7,7,5,6,4,3,3,4,5,5,3,4,4,3,4,3,7
7M,1,mid,2,01/24/2005,20.15,Female,2,"No, not of Hispanic, Latino, or Spanish origin",0,0,Asian,0,0,1,0,0,0,Sophmore,2,Psycholofy,1,NA,NA,NA,NA,NA,NA,NA,NA,NA,NA,NA,NA,NA,NA,NA,NA,NA,NA,NA,NA,NA,NA,NA,NA,NA,5,5,6,6,2,3,3,1,3,2,5,3,3,3,3,1,1,5,5,1,3,5,5,4,5,5,6,6,7,7,6,5,7,5,6,5,5,5,6,6,6,1,1,4,2,3,3,1,1,1,5,3,3,7
7P,1,post,3,01/24/2005,20.15,Female,2,"No, not of Hispanic, Latino, or Spanish origin",0,0,Asian,0,0,1,0,0,0,Sophmore,2,Psycholofy,1,NA,NA,NA,NA,NA,NA,NA,NA,NA,NA,NA,NA,NA,NA,NA,NA,NA,NA,NA,NA,NA,NA,NA,NA,NA,NA,NA,NA,NA,NA,NA,NA,NA,NA,NA,NA,NA,NA,NA,NA,NA,NA,NA,NA,NA,NA,NA,NA,NA,NA,NA,NA,NA,NA,NA,NA,NA,NA,NA,NA,NA,NA,NA,NA,NA,NA,NA,NA,NA,NA,NA,NA,NA,NA,NA,NA,NA,NA,7
8,1,pre,1,06/19/2005,19.75,Prefer not to say,4,"No, not of Hispanic, Latino, or Spanish origin",0,0,White,1,0,0,0,0,0,Sophmore,2,Materials Science and Engineering,3,I have heard of it but know very little,2,NA,NA,No,0,Not interested at all,1,Supporting mental health in school environments,1,0,0,0,0,0,NA,NA,No,0,I have limited knowledge,2,Never,0,NA,NA,5,5,5,6,3,3,4,2,2,2,1,2,4,2,2,4,1,3,1,1,3,3,5,5,1,5,6,7,6,3,5,7,7,5,6,7,7,5,6,7,7,4,2,4,3,1,2,5,4,5,2,4,3,8
8M,1,mid,2,06/19/2005,19.75,Prefer not to say,4,"No, not of Hispanic, Latino, or Spanish origin",0,0,White,1,0,0,0,0,0,Sophmore,2,Materials Science and Engineering,3,NA,NA,NA,NA,NA,NA,NA,NA,NA,NA,NA,NA,NA,NA,NA,NA,NA,NA,NA,NA,NA,NA,NA,NA,NA,5,3,6,7,6,3,4,4,3,2,4,3,4,4,2,5,3,5,2,1,5,4,5,5,4,6,6,7,7,5,6,7,7,7,5,7,7,6,6,7,7,2,4,5,2,4,4,5,4,2,4,1,4,8
8P,1,post,3,06/19/2005,19.75,Prefer not to say,4,"No, not of Hispanic, Latino, or Spanish origin",0,0,White,1,0,0,0,0,0,Sophmore,2,Materials Science and Engineering,3,NA,NA,NA,NA,NA,NA,NA,NA,NA,NA,NA,NA,NA,NA,NA,NA,NA,NA,NA,NA,NA,NA,NA,NA,NA,6,5,4,6,5,5,4,3,4,3,3,4,3,4,2,3,2,2,1,1,1,2,3,3,1,6,6,7,7,5,6,6,6,6,6,7,7,7,6,7,7,3,4,5,2,2,3,5,2,3,3,2,5,8
9,0,pre,1,01/03/2005,20.21,Male,1,"No, not of Hispanic, Latino, or Spanish origin",0,0,White,1,0,0,0,0,0,Sophmore,2,Computer Engineering,3,I know some general information,3,NA,NA,No,0,Not interested at all,1,"Working with children and adolescents, Supporting mental health in school environments",1,0,0,0,1,0,NA,NA,No,0,I have limited knowledge,2,Ocassionally,2,NA,NA,5,6,6,7,7,4,3,4,3,1,2,3,3,2,2,4,2,1,2,1,3,1,4,3,2,5,4,6,7,3,3,6,6,3,4,6,5,5,4,6,7,4,4,3,4,2,2,4,5,4,2,4,3,9
9M,0,mid,2,01/03/2005,20.21,Male,1,"No, not of Hispanic, Latino, or Spanish origin",0,0,White,1,0,0,0,0,0,Sophmore,2,Computer Engineering,3,NA,NA,NA,NA,NA,NA,NA,NA,NA,NA,NA,NA,NA,NA,NA,NA,NA,NA,NA,NA,NA,NA,NA,NA,NA,5,6,6,6,5,2,3,2,3,1,1,1,3,2,2,4,1,2,3,1,2,1,4,3,3,5,4,6,7,3,5,6,6,5,4,5,6,5,6,6,7,4,3,3,2,3,2,2,3,2,1,1,2,9
9P,0,post,3,01/03/2005,20.21,Male,1,"No, not of Hispanic, Latino, or Spanish origin",0,0,White,1,0,0,0,0,0,Sophmore,2,Computer Engineering,3,NA,NA,NA,NA,NA,NA,NA,NA,NA,NA,NA,NA,NA,NA,NA,NA,NA,NA,NA,NA,NA,NA,NA,NA,NA,5,6,6,3,5,3,3,4,3,4,5,4,3,3,4,3,2,1,2,3,2,1,2,4,2,5,6,6,7,3,5,7,7,4,5,6,7,4,5,6,6,3,4,5,1,3,2,3,2,2,2,3,4,9
10,0,pre,1,01/23/2004,21.16,Non-binary,3,"No, not of Hispanic, Latino, or Spanish origin",0,0,White,1,0,0,0,0,0,Junior,3,"Psychology and Women, Gender, and Sexuality Studies",1,I have heard of it but know very little,2,NA,NA,No,0,Slightly interested,2,Working with children and adolescents,0,0,0,0,1,0,NA,NA,No,0,I have limited knowledge,2,Ocassionally,2,NA,NA,2,2,3,4,3,3,2,2,2,1,1,3,2,2,3,3,3,2,2,1,2,2,4,4,2,2,6,5,6,5,6,5,6,6,6,5,6,4,4,6,6,3,3,4,4,5,4,4,3,4,3,5,3,10
10M,0,mid,2,01/23/2004,21.16,Non-binary,3,"No, not of Hispanic, Latino, or Spanish origin",0,0,White,1,0,0,0,0,0,Junior,3,"Psychology and Women, Gender, and Sexuality Studies",1,NA,NA,NA,NA,NA,NA,NA,NA,NA,NA,NA,NA,NA,NA,NA,NA,NA,NA,NA,NA,NA,NA,NA,NA,NA,2,5,5,6,6,2,2,3,2,2,2,2,3,2,1,4,5,3,4,3,5,4,5,4,4,5,7,5,6,5,6,5,7,6,6,6,6,6,3,6,6,2,2,4,2,5,3,4,2,3,4,2,2,10
10P,0,post,3,01/23/2004,21.16,Non-binary,3,"No, not of Hispanic, Latino, or Spanish origin",0,0,White,1,0,0,0,0,0,Junior,3,"Psychology and Women, Gender, and Sexuality Studies",1,NA,NA,NA,NA,NA,NA,NA,NA,NA,NA,NA,NA,NA,NA,NA,NA,NA,NA,NA,NA,NA,NA,NA,NA,NA,3,5,3,5,6,4,3,1,3,2,3,2,3,3,3,3,2,3,2,1,3,3,3,3,2,5,6,6,7,6,6,6,6,6,6,6,7,5,5,5,7,3,3,4,3,4,2,4,3,2,4,2,2,10
11,1,pre,1,01/11/2004,21.19,Female,2,"No, not of Hispanic, Latino, or Spanish origin",0,0,Other,0,0,0,0,0,1,Junior,3,Chemical Engineering,3,I have heard of it but know very little,2,NA,NA,No,0,Not interested at all,1,"Working with children and adolescents, Enhancing academic achievement and learning outcomes, Conducting psychological assessments and evaluations",0,1,0,1,1,0,NA,NA,Yes,1,I have limited knowledge,2,Rarely,1,NA,NA,5,3,4,5,5,2,4,4,4,2,4,3,3,4,3,3,3,4,2,1,4,2,2,4,2,6,5,5,7,6,6,6,7,5,7,6,7,6,5,7,7,5,3,4,4,3,2,4,5,4,2,5,5,11
11M,1,mid,2,01/11/2004,21.19,Female,2,"No, not of Hispanic, Latino, or Spanish origin",0,0,Other,0,0,0,0,0,1,Junior,3,Chemical Engineering,3,NA,NA,NA,NA,NA,NA,NA,NA,NA,NA,NA,NA,NA,NA,NA,NA,NA,NA,NA,NA,NA,NA,NA,NA,NA,5,4,5,6,5,4,4,2,4,2,4,4,5,4,2,5,3,1,3,3,5,1,5,4,3,5,6,6,7,7,6,7,7,7,7,6,7,7,5,6,7,2,4,4,3,4,3,4,1,1,4,1,2,11
11P,1,post,3,01/11/2004,21.19,Female,2,"No, not of Hispanic, Latino, or Spanish origin",0,0,Other,0,0,0,0,0,1,Junior,3,Chemical Engineering,3,NA,NA,NA,NA,NA,NA,NA,NA,NA,NA,NA,NA,NA,NA,NA,NA,NA,NA,NA,NA,NA,NA,NA,NA,NA,6,5,5,6,5,5,3,4,4,3,4,4,4,4,3,4,3,3,1,1,2,2,5,4,3,5,4,5,7,6,7,6,6,6,6,5,6,5,4,6,7,1,3,4,2,4,3,4,1,2,3,2,2,11
12,0,pre,1,[05/26/2006],18.82,Female,2,"No, not of Hispanic, Latino, or Spanish origin",0,0,White,1,0,0,0,0,0,Freshmen,1,Zoology,7,I know some general information,3,NA,NA,No,0,Not interested at all,1,"Working with children and adolescents, Supporting mental health in school environments",1,0,0,0,1,0,NA,NA,No,0,I have moderate knowledge,3,Often,3,NA,NA,6,6,6,6,5,3,4,5,4,4,4,3,4,4,5,2,2,1,1,1,2,1,2,2,1,6,7,7,7,7,7,6,6,6,6,6,6,6,7,5,6,3,2,4,4,4,3,3,4,5,3,4,5,12
12M,0,mid,2,[05/26/2006],18.82,Female,2,"No, not of Hispanic, Latino, or Spanish origin",0,0,White,1,0,0,0,0,0,Freshmen,1,Zoology,7,NA,NA,NA,NA,NA,NA,NA,NA,NA,NA,NA,NA,NA,NA,NA,NA,NA,NA,NA,NA,NA,NA,NA,NA,NA,7,7,7,7,7,3,4,5,3,4,4,3,4,4,3,3,2,1,2,1,1,1,4,2,2,7,7,5,7,6,6,6,6,6,6,6,6,5,6,4,6,3,4,3,3,3,4,4,4,2,4,4,4,12
12P,0,post,3,[05/26/2006],18.82,Female,2,"No, not of Hispanic, Latino, or Spanish origin",0,0,White,1,0,0,0,0,0,Freshmen,1,Zoology,7,NA,NA,NA,NA,NA,NA,NA,NA,NA,NA,NA,NA,NA,NA,NA,NA,NA,NA,NA,NA,NA,NA,NA,NA,NA,7,6,6,6,5,4,4,3,4,4,1,4,3,3,4,3,2,1,1,2,2,1,1,1,1,6,6,6,7,7,7,5,6,6,6,6,7,7,7,5,6,4,4,4,3,4,4,4,3,3,4,4,3,12
13,0,pre,1,06/12/2005,19.77,Female,2,"Yes, Mexican, Mexican American, Chicano",3,1,Other,0,0,0,0,0,1,Sophmore,2,"Parks, Recreation, and Tourism Management",6,I have never heard of it,1,NA,NA,No,0,Not interested at all,1,"Supporting mental health in school environments, Developing and implementing intervention programs",1,0,1,0,0,0,NA,NA,No,0,I am not familiar at all,1,Rarely,1,NA,NA,6,6,6,6,6,3,4,3,4,3,3,3,3,3,4,3,1,1,1,1,1,1,1,1,1,6,6,4,7,5,6,6,7,5,6,6,7,6,6,5,7,3,4,4,3,4,4,4,3,4,4,4,5,13
13M,0,mid,2,06/12/2005,19.77,Female,2,"Yes, Mexican, Mexican American, Chicano",3,1,Other,0,0,0,0,0,1,Sophmore,2,"Parks, Recreation, and Tourism Management",6,NA,NA,NA,NA,NA,NA,NA,NA,NA,NA,NA,NA,NA,NA,NA,NA,NA,NA,NA,NA,NA,NA,NA,NA,NA,6,6,6,6,7,4,5,3,4,3,3,4,4,3,2,2,1,1,1,1,1,1,2,1,2,6,6,6,7,6,6,6,6,6,6,6,6,6,6,6,6,2,3,5,4,3,3,4,2,2,3,3,5,13
13P,0,post,3,06/12/2005,19.77,Female,2,"Yes, Mexican, Mexican American, Chicano",3,1,Other,0,0,0,0,0,1,Sophmore,2,"Parks, Recreation, and Tourism Management",6,NA,NA,NA,NA,NA,NA,NA,NA,NA,NA,NA,NA,NA,NA,NA,NA,NA,NA,NA,NA,NA,NA,NA,NA,NA,7,7,7,7,7,4,4,3,4,4,4,4,5,5,5,5,1,1,1,1,1,1,1,1,1,6,6,6,7,6,6,6,6,6,7,6,6,6,6,6,6,3,4,4,5,3,3,3,3,5,3,5,5,13
14,0,pre,1,07/16/2006,18.68,genderqueer,3,"No, not of Hispanic, Latino, or Spanish origin",0,0,White,1,0,0,0,0,0,Freshmen,1,Animal science,7,I know some general information,3,NA,NA,Yes,1,Slightly interested,2,Conducting psychological assessments and evaluations,0,0,0,1,0,0,NA,NA,Yes,1,I have moderate knowledge,3,Ocassionally,2,NA,NA,3,2,3,5,3,3,3,2,3,3,2,4,4,3,3,1,3,2,2,2,2,1,4,3,3,2,3,2,5,2,2,5,5,2,3,4,5,2,2,5,5,4,4,4,4,4,3,3,3,3,2,4,3,14
14M,0,mid,2,07/16/2006,18.68,genderqueer,3,"No, not of Hispanic, Latino, or Spanish origin",0,0,White,1,0,0,0,0,0,Freshmen,1,Animal science,7,NA,NA,NA,NA,NA,NA,NA,NA,NA,NA,NA,NA,NA,NA,NA,NA,NA,NA,NA,NA,NA,NA,NA,NA,NA,3,3,3,5,2,2,3,3,3,3,2,4,4,4,4,3,2,2,4,2,2,2,4,4,4,3,3,3,6,3,3,6,6,2,3,3,5,3,2,5,6,2,3,3,2,3,2,3,2,2,2,2,2,14
14P,0,post,3,07/16/2006,18.68,genderqueer,3,"No, not of Hispanic, Latino, or Spanish origin",0,0,White,1,0,0,0,0,0,Freshmen,1,Animal science,7,NA,NA,NA,NA,NA,NA,NA,NA,NA,NA,NA,NA,NA,NA,NA,NA,NA,NA,NA,NA,NA,NA,NA,NA,NA,1,3,3,4,3,3,4,3,3,2,2,3,2,2,2,2,4,2,2,3,4,3,3,2,2,3,3,3,6,3,3,6,6,3,3,5,6,3,3,6,7,2,2,2,2,3,2,3,2,2,2,2,2,14
15,1,pre,1,12/27/2005,19.23,Female,2,"No, not of Hispanic, Latino, or Spanish origin",0,0,Black or African American,0,1,0,0,0,0,Freshmen,1,Bioprocessing Engineering,3,I have heard of it but know very little,2,NA,NA,Yes,1,Slightly interested,2,"Working with children and adolescents, Conducting psychological assessments and evaluations",0,0,0,1,1,0,NA,NA,Yes,1,I have limited knowledge,2,Ocassionally,2,NA,NA,4,7,4,5,7,4,2,5,2,3,3,2,5,4,4,5,4,3,5,1,4,2,5,3,4,4,5,4,7,3,4,5,6,3,6,6,6,5,4,5,5,5,2,3,5,5,4,4,3,4,5,3,4,15
15M,1,mid,2,12/27/2005,19.23,Female,2,"No, not of Hispanic, Latino, or Spanish origin",0,0,Black or African American,0,1,0,0,0,0,Freshmen,1,Bioprocessing Engineering,3,NA,NA,NA,NA,NA,NA,NA,NA,NA,NA,NA,NA,NA,NA,NA,NA,NA,NA,NA,NA,NA,NA,NA,NA,NA,2,2,3,4,3,3,2,3,2,4,3,2,4,3,3,2,3,1,4,2,3,2,3,3,4,4,5,5,7,5,5,5,7,6,6,6,6,6,4,5,6,1,5,3,2,4,3,4,1,1,5,1,2,15
15P,1,post,3,12/27/2005,19.23,Female,2,"No, not of Hispanic, Latino, or Spanish origin",0,0,Black or African American,0,1,0,0,0,0,Freshmen,1,Bioprocessing Engineering,3,NA,NA,NA,NA,NA,NA,NA,NA,NA,NA,NA,NA,NA,NA,NA,NA,NA,NA,NA,NA,NA,NA,NA,NA,NA,6,4,5,4,7,3,2,5,3,3,2,3,4,4,5,4,2,2,4,1,2,3,4,4,4,5,6,5,7,7,7,6,7,7,6,6,7,7,6,6,7,1,4,5,1,5,3,3,1,1,5,1,1,15
16,0,pre,1,07/11/2006,18.69,Female,2,"No, not of Hispanic, Latino, or Spanish origin",0,0,Asian,0,0,1,0,0,0,Freshmen,1,Computer Science,3,I know some general information,3,NA,NA,No,0,Not interested at all,1,Conducting psychological assessments and evaluations,0,0,0,1,0,0,NA,NA,No,0,I have limited knowledge,2,Rarely,1,NA,NA,4,4,4,5,2,4,4,3,3,4,2,3,4,4,3,3,4,1,2,1,4,2,4,2,2,6,6,6,7,3,5,6,7,6,4,6,7,5,6,6,7,5,2,3,5,4,2,4,5,5,2,5,4,16
16M,0,mid,2,07/11/2006,18.69,Female,2,"No, not of Hispanic, Latino, or Spanish origin",0,0,Asian,0,0,1,0,0,0,Freshmen,1,Computer Science,3,NA,NA,NA,NA,NA,NA,NA,NA,NA,NA,NA,NA,NA,NA,NA,NA,NA,NA,NA,NA,NA,NA,NA,NA,NA,3,3,3,3,4,3,3,3,3,2,3,3,4,4,4,4,2,2,3,3,4,2,4,3,3,6,6,6,6,6,6,5,6,6,6,6,6,6,6,6,6,1,3,4,1,4,4,4,3,2,3,2,3,16
16P,0,post,3,07/11/2006,18.69,Female,2,"No, not of Hispanic, Latino, or Spanish origin",0,0,Asian,0,0,1,0,0,0,Freshmen,1,Computer Science,3,NA,NA,NA,NA,NA,NA,NA,NA,NA,NA,NA,NA,NA,NA,NA,NA,NA,NA,NA,NA,NA,NA,NA,NA,NA,NA,NA,NA,NA,NA,NA,NA,NA,NA,NA,NA,NA,NA,NA,NA,NA,NA,NA,NA,NA,NA,NA,NA,NA,NA,NA,NA,NA,NA,NA,NA,NA,NA,NA,NA,NA,NA,NA,NA,NA,NA,NA,NA,NA,NA,NA,NA,NA,NA,NA,NA,NA,NA,16
17,0,pre,1,03/21/2005,20,Female,2,"Yes, Mexican, Mexican American, Chicano",3,1,Other,0,0,0,0,0,1,Sophmore,2,Human Biology,3,I have never heard of it,1,NA,NA,No,0,Not interested at all,1,"Conducting psychological assessments and evaluations,",0,0,0,1,0,0,NA,NA,No,0,I have limited knowledge,2,Rarely,1,NA,NA,6,6,6,6,6,3,2,2,3,4,3,3,3,4,2,1,1,1,1,1,2,1,1,1,1,6,3,6,7,4,4,6,6,5,3,6,6,6,4,6,6,3,3,2,5,4,3,3,4,4,4,4,4,17
17M,0,mid,2,03/21/2005,20,Female,2,"Yes, Mexican, Mexican American, Chicano",3,1,Other,0,0,0,0,0,1,Sophmore,2,Human Biology,3,NA,NA,NA,NA,NA,NA,NA,NA,NA,NA,NA,NA,NA,NA,NA,NA,NA,NA,NA,NA,NA,NA,NA,NA,NA,6,6,6,6,6,3,2,3,3,2,1,2,3,2,2,3,1,1,1,1,1,1,3,4,1,6,5,5,7,3,3,6,6,5,3,6,6,4,3,6,7,2,3,3,4,3,2,3,3,2,4,2,3,17
17P,0,post,3,03/21/2005,20,Female,2,"Yes, Mexican, Mexican American, Chicano",3,1,Other,0,0,0,0,0,1,Sophmore,2,Human Biology,3,NA,NA,NA,NA,NA,NA,NA,NA,NA,NA,NA,NA,NA,NA,NA,NA,NA,NA,NA,NA,NA,NA,NA,NA,NA,6,6,6,6,6,3,2,3,3,4,3,3,3,3,2,3,1,1,1,1,1,1,2,1,1,6,5,6,6,5,5,6,6,5,5,6,6,6,6,6,6,3,3,2,5,4,3,4,4,3,4,3,4,17
18,1,pre,1,10/29/2004,20.39,Female,2,"No, not of Hispanic, Latino, or Spanish origin",0,0,Asian,0,0,1,0,0,0,Junior,3,Biology,3,I have heard of it but know very little,2,NA,NA,No,0,Not interested at all,1,"Supporting mental health in school environments, Enhancing academic achievement and learning outcomes",1,1,0,0,0,0,NA,NA,No,0,I have limited knowledge,2,Rarely,1,NA,NA,5,5,5,5,5,3,3,3,3,2,1,2,3,3,4,2,1,1,1,1,2,1,2,2,1,6,6,6,6,6,6,6,6,6,6,6,6,6,6,6,6,3,2,2,4,2,2,2,4,4,2,4,4,18
18M,1,mid,2,10/29/2004,20.39,Female,2,"No, not of Hispanic, Latino, or Spanish origin",0,0,Asian,0,0,1,0,0,0,Junior,3,Biology,3,NA,NA,NA,NA,NA,NA,NA,NA,NA,NA,NA,NA,NA,NA,NA,NA,NA,NA,NA,NA,NA,NA,NA,NA,NA,6,6,6,6,6,3,3,4,4,3,3,2,2,2,4,3,2,2,2,2,3,1,2,2,1,7,6,6,7,6,6,6,7,6,6,6,7,6,6,6,6,4,3,3,4,3,3,3,4,4,2,4,4,18
18P,1,post,3,10/29/2004,20.39,Female,2,"No, not of Hispanic, Latino, or Spanish origin",0,0,Asian,0,0,1,0,0,0,Junior,3,Biology,3,NA,NA,NA,NA,NA,NA,NA,NA,NA,NA,NA,NA,NA,NA,NA,NA,NA,NA,NA,NA,NA,NA,NA,NA,NA,6,6,6,6,6,4,4,3,4,1,1,1,4,4,4,4,2,1,1,1,2,1,1,1,1,6,6,6,6,6,6,6,6,6,6,6,6,6,6,6,6,4,3,3,4,3,3,3,4,4,2,4,4,18
19,1,pre,1,08/07/2005,19.62,Female,2,"No, not of Hispanic, Latino, or Spanish origin",0,0,Asian,0,0,1,0,0,0,Sophmore,2,Fashion Textile Management,6,I know some general information,3,NA,NA,No,0,Not interested at all,1,"Working with children and adolescents, Supporting mental health in school environments",1,0,0,0,1,0,NA,NA,No,0,I have moderate knowledge,3,Ocassionally,2,NA,NA,5,7,5,4,5,2,3,3,4,5,4,4,5,4,4,4,4,1,4,1,3,3,4,5,4,5,5,5,7,5,5,6,6,6,5,6,7,6,5,4,6,5,4,2,3,5,3,2,5,5,1,4,4,19
19M,1,mid,2,08/07/2005,19.62,Female,2,"No, not of Hispanic, Latino, or Spanish origin",0,0,Asian,0,0,1,0,0,0,Sophmore,2,Fashion Textile Management,6,NA,NA,NA,NA,NA,NA,NA,NA,NA,NA,NA,NA,NA,NA,NA,NA,NA,NA,NA,NA,NA,NA,NA,NA,NA,6,7,7,4,6,5,3,4,4,2,4,5,5,4,5,5,4,1,4,1,3,4,5,4,4,6,6,6,7,7,7,6,7,6,5,5,7,7,6,5,7,1,3,4,4,5,4,2,1,1,3,3,3,19
19P,1,post,3,08/07/2005,19.62,Female,2,"No, not of Hispanic, Latino, or Spanish origin",0,0,Asian,0,0,1,0,0,0,Sophmore,2,Fashion Textile Management,6,NA,NA,NA,NA,NA,NA,NA,NA,NA,NA,NA,NA,NA,NA,NA,NA,NA,NA,NA,NA,NA,NA,NA,NA,NA,5,7,6,5,5,5,3,2,3,3,4,5,4,3,4,4,4,4,3,2,4,4,4,4,4,5,5,6,7,6,6,6,6,6,5,7,7,7,6,6,7,1,3,4,3,3,3,4,1,1,2,2,2,19
20,0,pre,1,05/04/2006,18.88,Male,1,"No, not of Hispanic, Latino, or Spanish origin",0,0,White,1,0,0,0,0,0,Freshmen,1,First Year Engineering,3,I have never heard of it,1,NA,NA,No,0,Not interested at all,1,"Enhancing academic achievement and learning outcomes, Developing and implementing intervention programs",0,1,1,0,0,0,NA,NA,No,0,I have limited knowledge,2,Rarely,1,NA,NA,5,6,7,6,5,4,3,4,3,5,3,3,5,5,4,5,1,2,1,1,2,1,2,2,1,6,6,5,7,7,6,7,7,7,6,7,6,7,5,6,7,4,5,3,4,3,2,5,4,4,5,4,4,20
20M,0,mid,2,05/04/2006,18.88,Male,1,"No, not of Hispanic, Latino, or Spanish origin",0,0,White,1,0,0,0,0,0,Freshmen,1,First Year Engineering,3,NA,NA,NA,NA,NA,NA,NA,NA,NA,NA,NA,NA,NA,NA,NA,NA,NA,NA,NA,NA,NA,NA,NA,NA,NA,5,7,7,6,5,4,5,3,4,5,3,3,4,4,5,1,2,1,1,3,2,1,2,2,2,7,6,7,7,7,6,6,5,7,6,7,7,7,6,6,6,3,4,5,4,4,2,5,4,5,5,3,1,20
20P,0,post,3,05/04/2006,18.88,Male,1,"No, not of Hispanic, Latino, or Spanish origin",0,0,White,1,0,0,0,0,0,Freshmen,1,First Year Engineering,3,NA,NA,NA,NA,NA,NA,NA,NA,NA,NA,NA,NA,NA,NA,NA,NA,NA,NA,NA,NA,NA,NA,NA,NA,NA,6,6,7,7,7,5,4,4,3,4,3,4,4,4,5,4,1,1,2,2,2,1,3,2,1,7,6,7,7,7,6,6,7,6,5,7,7,6,6,7,7,4,5,5,3,5,2,5,3,5,5,2,4,20
21,1,pre,1,08/06/1998,26.62,Male,1,"No, not of Hispanic, Latino, or Spanish origin",0,0,White,1,0,0,0,0,0,Senior,4,Microbiology,3,I have heard of it but know very little,2,NA,NA,No,0,Not interested at all,1,"Supporting mental health in school environments, Enhancing academic achievement and learning outcomes, Developing and implementing intervention programs, Conducting psychological assessments and evaluations",1,1,1,1,0,0,NA,NA,No,0,I have limited knowledge,2,Often,3,NA,NA,5,5,5,3,7,5,5,3,4,4,3,5,5,4,4,3,1,3,2,1,1,2,4,1,2,6,5,6,7,5,7,7,6,6,6,7,7,7,4,7,7,4,5,5,5,5,5,5,5,3,5,4,4,21
21M,1,mid,2,08/06/1998,26.62,Male,1,"No, not of Hispanic, Latino, or Spanish origin",0,0,White,1,0,0,0,0,0,Senior,4,Microbiology,3,NA,NA,NA,NA,NA,NA,NA,NA,NA,NA,NA,NA,NA,NA,NA,NA,NA,NA,NA,NA,NA,NA,NA,NA,NA,6,5,6,2,3,4,5,2,4,4,4,5,5,4,5,4,2,2,2,1,2,2,3,1,2,6,7,6,7,5,7,7,7,7,5,7,7,5,6,7,7,3,5,5,4,5,5,5,3,4,5,3,5,21
21P,1,post,3,08/06/1998,26.62,Male,1,"No, not of Hispanic, Latino, or Spanish origin",0,0,White,1,0,0,0,0,0,Senior,4,Microbiology,3,NA,NA,NA,NA,NA,NA,NA,NA,NA,NA,NA,NA,NA,NA,NA,NA,NA,NA,NA,NA,NA,NA,NA,NA,NA,NA,NA,NA,NA,NA,NA,NA,NA,NA,NA,NA,NA,NA,NA,NA,NA,NA,NA,NA,NA,NA,NA,NA,NA,NA,NA,NA,NA,NA,NA,NA,NA,NA,NA,NA,NA,NA,NA,NA,NA,NA,NA,NA,NA,NA,NA,NA,NA,NA,NA,NA,NA,NA,21
22,1,pre,1,02/25/2004,21.07,Female,2,"No, not of Hispanic, Latino, or Spanish origin",0,0,White,1,0,0,0,0,0,Junior,3,Social Work minor in Psychology,1,I am very knowledgable about it,NA,NA,NA,Yes,1,Slightly interested,2,"Working with children and adolescents, Supporting mental health in school environments, Enhancing academic achievement and learning outcomes",1,1,0,0,1,0,NA,NA,Yes,1,I am highly familiar and knowledgeable,4,Often,3,NA,NA,3,3,3,3,5,3,4,4,4,4,2,4,3,2,5,4,4,2,3,1,2,1,5,5,4,5,6,6,6,6,6,7,7,6,5,6,6,6,6,6,6,5,4,3,4,3,3,3,5,5,4,5,5,22
22M,1,mid,2,02/25/2004,21.07,Female,2,"No, not of Hispanic, Latino, or Spanish origin",0,0,White,1,0,0,0,0,0,Junior,3,Social Work minor in Psychology,1,NA,NA,NA,NA,NA,NA,NA,NA,NA,NA,NA,NA,NA,NA,NA,NA,NA,NA,NA,NA,NA,NA,NA,NA,NA,7,7,7,7,7,5,5,5,5,5,2,4,4,4,4,4,3,2,4,2,3,2,4,4,2,7,7,7,7,7,7,7,7,7,7,7,7,7,7,7,7,2,4,4,2,4,4,4,3,2,4,2,4,22
22P,1,post,3,02/25/2004,21.07,Female,2,"No, not of Hispanic, Latino, or Spanish origin",0,0,White,1,0,0,0,0,0,Junior,3,Social Work minor in Psychology,1,NA,NA,NA,NA,NA,NA,NA,NA,NA,NA,NA,NA,NA,NA,NA,NA,NA,NA,NA,NA,NA,NA,NA,NA,NA,6,7,7,6,7,4,4,4,4,4,2,4,4,4,5,4,4,2,4,2,2,2,4,5,3,6,7,5,6,7,7,6,5,6,7,6,6,7,6,6,7,2,4,2,2,2,3,2,3,2,4,4,5,22
23,1,pre,1,01/11/2006,19.19,Female,2,"No, not of Hispanic, Latino, or Spanish origin",0,0,White,1,0,0,0,0,0,Freshmen,1,"Human biology, minor in psychology",1,I have heard of it but know very little,2,NA,NA,No,0,Not interested at all,1,Working with children and adolescents,0,0,0,0,1,0,NA,NA,No,0,I have limited knowledge,2,Never,0,NA,NA,6,6,5,6,6,4,3,2,3,4,4,2,4,4,4,2,2,1,3,2,3,3,4,3,3,7,7,3,7,7,7,2,5,7,7,3,7,6,7,3,7,4,2,3,4,3,2,2,4,5,3,5,4,23
23M,1,mid,2,01/11/2006,19.19,Female,2,"No, not of Hispanic, Latino, or Spanish origin",0,0,White,1,0,0,0,0,0,Freshmen,1,"Human biology, minor in psychology",1,NA,NA,NA,NA,NA,NA,NA,NA,NA,NA,NA,NA,NA,NA,NA,NA,NA,NA,NA,NA,NA,NA,NA,NA,NA,5,5,5,6,7,4,3,3,4,5,3,3,4,3,4,2,2,1,3,1,2,2,4,2,3,7,7,5,7,7,7,4,7,7,7,5,7,7,7,6,7,2,3,4,2,3,2,3,2,2,3,3,3,23
23P,1,post,3,01/11/2006,19.19,Female,2,"No, not of Hispanic, Latino, or Spanish origin",0,0,White,1,0,0,0,0,0,Freshmen,1,"Human biology, minor in psychology",1,NA,NA,NA,NA,NA,NA,NA,NA,NA,NA,NA,NA,NA,NA,NA,NA,NA,NA,NA,NA,NA,NA,NA,NA,NA,5,6,6,6,5,4,4,3,4,3,3,3,4,4,4,4,2,1,2,1,1,2,2,2,2,7,7,5,7,6,7,4,6,7,7,6,7,7,7,5,6,4,3,3,4,3,3,3,3,4,3,4,4,23
24,1,pre,1,07/08/2004,20.7,Female,2,"No, not of Hispanic, Latino, or Spanish origin",0,0,White,1,0,0,0,0,0,Junior,3,Animal Science,7,I have heard of it but know very little,2,NA,NA,No,0,Not interested at all,1,Supporting mental health in school environments,1,0,0,0,0,0,NA,NA,No,0,I have limited knowledge,2,Rarely,1,NA,NA,6,6,6,5,6,4,4,4,4,4,4,4,4,4,5,2,3,1,1,1,2,1,2,3,2,6,6,7,7,5,6,6,6,7,6,7,7,7,5,7,7,4,4,4,4,4,4,2,4,4,2,5,5,24
24M,1,mid,2,07/08/2004,20.7,Female,2,"No, not of Hispanic, Latino, or Spanish origin",0,0,White,1,0,0,0,0,0,Junior,3,Animal Science,7,NA,NA,NA,NA,NA,NA,NA,NA,NA,NA,NA,NA,NA,NA,NA,NA,NA,NA,NA,NA,NA,NA,NA,NA,NA,6,6,6,6,6,4,4,4,4,5,4,4,4,4,4,3,2,1,1,1,2,1,1,2,2,7,7,7,7,6,6,6,7,7,7,7,7,7,6,7,7,3,3,4,4,4,2,3,2,2,4,2,2,24
24P,1,post,3,07/08/2004,20.7,Female,2,"No, not of Hispanic, Latino, or Spanish origin",0,0,White,1,0,0,0,0,0,Junior,3,Animal Science,7,NA,NA,NA,NA,NA,NA,NA,NA,NA,NA,NA,NA,NA,NA,NA,NA,NA,NA,NA,NA,NA,NA,NA,NA,NA,6,6,6,6,6,4,4,4,4,4,4,4,5,4,4,5,2,1,1,1,1,1,3,3,1,7,7,6,7,7,7,7,7,7,7,7,7,7,7,7,7,4,3,4,5,4,4,4,3,4,3,4,4,24
25,1,pre,1,08/28/2005,19.56,Male,1,"No, not of Hispanic, Latino, or Spanish origin",0,0,White,1,0,0,0,0,0,Freshmen,1,Finance,6,I have heard of it but know very little,2,NA,NA,Yes,1,Not interested at all,1,"Supporting mental health in school environments, Enhancing academic achievement and learning outcomes",1,1,0,0,0,0,NA,NA,No,0,I have limited knowledge,2,Ocassionally,2,NA,NA,5,6,7,5,6,4,5,4,3,2,4,4,5,3,4,4,3,2,2,1,2,1,2,2,2,7,6,4,6,3,5,6,6,5,4,7,7,7,5,6,7,2,4,2,2,2,4,4,2,4,4,4,2,25
25M,1,mid,2,08/28/2005,19.56,Male,1,"No, not of Hispanic, Latino, or Spanish origin",0,0,White,1,0,0,0,0,0,Freshmen,1,Finance,6,NA,NA,NA,NA,NA,NA,NA,NA,NA,NA,NA,NA,NA,NA,NA,NA,NA,NA,NA,NA,NA,NA,NA,NA,NA,6,6,6,4,5,5,4,5,5,4,3,4,4,4,5,3,2,2,4,1,2,3,2,5,1,7,7,6,6,5,7,5,5,6,6,2,5,6,6,6,7,3,5,4,2,5,4,5,5,2,3,2,2,25
25P,1,post,3,08/28/2005,19.56,Male,1,"No, not of Hispanic, Latino, or Spanish origin",0,0,White,1,0,0,0,0,0,Freshmen,1,Finance,6,NA,NA,NA,NA,NA,NA,NA,NA,NA,NA,NA,NA,NA,NA,NA,NA,NA,NA,NA,NA,NA,NA,NA,NA,NA,6,5,6,4,5,4,5,3,4,4,3,5,4,4,5,4,2,2,2,2,4,3,2,3,2,6,6,6,6,6,5,5,6,6,4,6,6,6,3,4,4,4,5,5,3,5,5,4,2,2,4,2,1,25
26,0,pre,1,09/26/2005,19.48,Non-binary,3,"No, not of Hispanic, Latino, or Spanish origin",0,0,White,1,0,0,0,0,0,Freshmen,1,ICT program looking into transferring to business admin but I am not sure.,6,I know some general information,3,NA,NA,No,0,Moderately interested,3,"Working with children and adolescents, Supporting mental health in school environments, Enhancing academic achievement and learning outcomes, Developing and implementing intervention programs",1,1,1,0,1,0,NA,NA,Yes,1,I have moderate knowledge,3,Ocassionally,2,NA,NA,1,1,1,2,1,3,4,1,3,2,3,2,1,1,2,5,5,4,5,3,2,5,5,5,4,4,5,3,7,1,4,4,7,2,1,3,6,3,5,4,6,3,2,4,3,2,2,4,2,2,3,2,2,26
26M,0,mid,2,09/26/2005,19.48,Non-binary,3,"No, not of Hispanic, Latino, or Spanish origin",0,0,White,1,0,0,0,0,0,Freshmen,1,ICT program looking into transferring to business admin but I am not sure.,6,NA,NA,NA,NA,NA,NA,NA,NA,NA,NA,NA,NA,NA,NA,NA,NA,NA,NA,NA,NA,NA,NA,NA,NA,NA,1,1,2,2,1,2,1,1,1,1,3,2,2,3,1,2,5,4,2,1,3,2,1,5,2,4,5,4,5,4,5,4,5,5,4,5,5,5,5,4,5,1,3,1,3,2,1,1,3,3,2,2,5,26
26P,0,post,3,09/26/2005,19.48,Non-binary,3,"No, not of Hispanic, Latino, or Spanish origin",0,0,White,1,0,0,0,0,0,Freshmen,1,ICT program looking into transferring to business admin but I am not sure.,6,NA,NA,NA,NA,NA,NA,NA,NA,NA,NA,NA,NA,NA,NA,NA,NA,NA,NA,NA,NA,NA,NA,NA,NA,NA,1,1,1,1,1,3,1,1,2,1,3,3,1,2,1,1,2,2,1,1,2,1,1,4,1,5,6,4,7,7,7,5,6,6,6,6,7,6,7,5,6,1,3,5,1,4,1,5,1,1,2,1,1,26
27,0,pre,1,02/02/2006,19.13,Female,2,"No, not of Hispanic, Latino, or Spanish origin",0,0,White,1,0,0,0,0,0,Freshmen,1,Horticultural Science,7,I am very knowledgable about it,NA,NA,NA,Yes,1,Not interested at all,1,"Supporting mental health in school environments, Enhancing academic achievement and learning outcomes, Developing and implementing intervention programs, Conducting psychological assessments and evaluations",1,1,1,1,0,0,NA,NA,No,0,I have moderate knowledge,3,Ocassionally,2,NA,NA,5,6,5,3,2,4,4,3,4,3,2,4,3,3,4,1,1,1,2,1,2,1,2,3,1,3,3,2,5,4,3,3,3,2,4,1,5,3,2,3,6,3,3,2,2,4,5,4,1,2,2,2,2,27
27M,0,mid,2,02/02/2006,19.13,Female,2,"No, not of Hispanic, Latino, or Spanish origin",0,0,White,1,0,0,0,0,0,Freshmen,1,Horticultural Science,7,NA,NA,NA,NA,NA,NA,NA,NA,NA,NA,NA,NA,NA,NA,NA,NA,NA,NA,NA,NA,NA,NA,NA,NA,NA,6,7,6,5,4,4,4,3,4,5,4,5,4,3,3,2,1,2,1,1,1,1,1,2,1,4,5,3,6,5,4,4,5,5,5,3,5,4,4,4,6,1,2,4,3,5,3,4,1,2,2,1,1,27
27P,0,post,3,02/02/2006,19.13,Female,2,"No, not of Hispanic, Latino, or Spanish origin",0,0,White,1,0,0,0,0,0,Freshmen,1,Horticultural Science,7,NA,NA,NA,NA,NA,NA,NA,NA,NA,NA,NA,NA,NA,NA,NA,NA,NA,NA,NA,NA,NA,NA,NA,NA,NA,NA,NA,NA,NA,NA,NA,NA,NA,NA,NA,NA,NA,NA,NA,NA,NA,NA,NA,NA,NA,NA,NA,NA,NA,NA,NA,NA,NA,NA,NA,NA,NA,NA,NA,NA,NA,NA,NA,NA,NA,NA,NA,NA,NA,NA,NA,NA,NA,NA,NA,NA,NA,NA,27
28,1,pre,1,02/26/2003,22.06,Female,2,"No, not of Hispanic, Latino, or Spanish origin",0,0,Black or African American,0,1,0,0,0,0,Senior,4,Psychology,1,I know some general information,3,NA,NA,No,0,Not interested at all,1,"Supporting mental health in school environments, Developing and implementing intervention programs, Conducting psychological assessments and evaluations",1,0,1,1,0,0,NA,NA,No,0,I have moderate knowledge,3,Rarely,1,NA,NA,5,3,5,5,3,4,3,3,2,2,1,4,2,2,2,1,1,1,1,1,1,1,2,1,1,5,3,5,7,3,5,5,5,5,5,4,6,5,3,4,6,4,3,3,2,4,4,3,3,2,4,2,3,28
28M,1,mid,2,02/26/2003,22.06,Female,2,"No, not of Hispanic, Latino, or Spanish origin",0,0,Black or African American,0,1,0,0,0,0,Senior,4,Psychology,1,NA,NA,NA,NA,NA,NA,NA,NA,NA,NA,NA,NA,NA,NA,NA,NA,NA,NA,NA,NA,NA,NA,NA,NA,NA,6,6,6,6,3,4,4,3,5,5,3,5,3,3,3,2,1,1,2,1,2,1,2,2,1,6,5,6,7,4,5,6,6,6,5,5,7,6,4,5,6,1,4,4,2,5,3,4,2,3,4,3,3,28
28P,1,post,3,02/26/2003,22.06,Female,2,"No, not of Hispanic, Latino, or Spanish origin",0,0,Black or African American,0,1,0,0,0,0,Senior,4,Psychology,1,NA,NA,NA,NA,NA,NA,NA,NA,NA,NA,NA,NA,NA,NA,NA,NA,NA,NA,NA,NA,NA,NA,NA,NA,NA,7,6,6,6,5,4,3,4,4,4,4,5,5,4,4,5,1,1,2,1,1,1,3,2,1,7,6,6,7,5,6,6,7,5,5,6,7,6,4,6,6,3,4,5,2,5,5,4,3,1,5,3,4,28
29,1,pre,1,04/25/2006,18.9,Female,2,"No, not of Hispanic, Latino, or Spanish origin",0,0,White,1,0,0,0,0,0,Freshmen,1,Psychology,1,I know some general information,3,NA,NA,No,0,Moderately interested,3,"Supporting mental health in school environments, Conducting psychological assessments and evaluations",1,0,0,1,0,0,NA,NA,Yes,1,I have limited knowledge,2,Ocassionally,2,NA,NA,5,5,3,6,3,3,2,2,2,2,2,2,2,3,2,3,3,2,3,2,3,2,3,3,2,6,5,5,6,5,5,5,5,5,5,3,5,5,5,3,6,1,3,4,4,4,3,2,1,1,4,2,2,29
29M,1,mid,2,04/25/2006,18.9,Female,2,"No, not of Hispanic, Latino, or Spanish origin",0,0,White,1,0,0,0,0,0,Freshmen,1,Psychology,1,NA,NA,NA,NA,NA,NA,NA,NA,NA,NA,NA,NA,NA,NA,NA,NA,NA,NA,NA,NA,NA,NA,NA,NA,NA,6,7,5,6,3,3,4,3,3,3,4,4,4,3,3,3,1,4,2,1,2,2,3,4,1,7,6,7,7,6,6,6,7,6,6,4,7,7,6,4,7,1,3,4,3,3,4,3,2,1,3,1,4,29
29P,1,post,3,04/25/2006,18.9,Female,2,"No, not of Hispanic, Latino, or Spanish origin",0,0,White,1,0,0,0,0,0,Freshmen,1,Psychology,1,NA,NA,NA,NA,NA,NA,NA,NA,NA,NA,NA,NA,NA,NA,NA,NA,NA,NA,NA,NA,NA,NA,NA,NA,NA,6,6,5,7,4,3,3,3,4,3,4,4,4,4,4,4,2,1,1,1,3,1,3,3,1,7,6,6,7,5,5,6,7,5,5,5,6,7,5,5,7,2,3,3,3,3,2,2,2,2,3,1,2,29
30,0,pre,1,11/26/2006,18.32,Non-binary,3,"No, not of Hispanic, Latino, or Spanish origin",0,0,Asian,0,0,1,0,0,0,Freshmen,1,Social Work,7,I know some general information,3,NA,NA,No,0,Moderately interested,3,"Working with children and adolescents, Supporting mental health in school environments, Conducting psychological assessments and evaluations",1,0,0,1,1,0,NA,NA,Yes,1,I have moderate knowledge,3,Ocassionally,2,NA,NA,3,1,1,2,1,3,3,2,3,1,2,2,3,2,2,4,3,5,4,2,3,5,4,4,4,2,2,1,5,2,2,3,3,3,2,6,5,2,2,4,5,3,4,2,4,1,1,2,2,1,2,2,5,30
30M,0,mid,2,11/26/2006,18.32,Non-binary,3,"No, not of Hispanic, Latino, or Spanish origin",0,0,Asian,0,0,1,0,0,0,Freshmen,1,Social Work,7,NA,NA,NA,NA,NA,NA,NA,NA,NA,NA,NA,NA,NA,NA,NA,NA,NA,NA,NA,NA,NA,NA,NA,NA,NA,1,1,1,1,1,3,2,1,2,2,2,2,2,2,2,4,4,4,4,2,3,4,3,4,4,4,3,1,5,4,4,4,4,4,4,5,4,4,4,3,4,1,1,1,1,5,5,3,1,1,2,1,1,30
30P,0,post,3,11/26/2006,18.32,Non-binary,3,"No, not of Hispanic, Latino, or Spanish origin",0,0,Asian,0,0,1,0,0,0,Freshmen,1,Social Work,7,NA,NA,NA,NA,NA,NA,NA,NA,NA,NA,NA,NA,NA,NA,NA,NA,NA,NA,NA,NA,NA,NA,NA,NA,NA,1,1,1,1,1,4,4,2,4,1,2,2,2,2,2,2,3,3,1,1,2,2,3,3,2,4,4,1,5,5,4,2,4,5,4,5,5,5,4,2,4,1,1,1,1,1,1,2,1,1,1,1,1,30
31,0,pre,1,03/29/2006,18.98,Female,2,"No, not of Hispanic, Latino, or Spanish origin",0,0,White,1,0,0,0,0,0,Freshmen,1,Engineering,3,I have heard of it but know very little,2,NA,NA,No,0,Not interested at all,1,"Supporting mental health in school environments, Enhancing academic achievement and learning outcomes, Developing and implementing intervention programs",1,1,1,0,0,0,NA,NA,No,0,I have limited knowledge,2,Rarely,1,NA,NA,2,2,2,4,2,3,4,2,4,3,1,4,4,2,4,5,4,4,4,1,2,1,5,4,4,5,3,3,7,1,3,6,7,2,3,6,7,3,3,7,7,2,3,3,2,5,5,3,2,2,3,2,3,31
31M,0,mid,2,03/29/2006,18.98,Female,2,"No, not of Hispanic, Latino, or Spanish origin",0,0,White,1,0,0,0,0,0,Freshmen,1,Engineering,3,NA,NA,NA,NA,NA,NA,NA,NA,NA,NA,NA,NA,NA,NA,NA,NA,NA,NA,NA,NA,NA,NA,NA,NA,NA,6,5,7,7,5,4,5,4,4,4,3,4,4,4,3,2,2,1,1,3,1,2,4,1,1,5,5,3,7,5,4,7,7,3,3,5,7,5,4,7,7,3,4,3,2,3,2,4,2,3,3,2,5,31
31P,0,post,3,03/29/2006,18.98,Female,2,"No, not of Hispanic, Latino, or Spanish origin",0,0,White,1,0,0,0,0,0,Freshmen,1,Engineering,3,NA,NA,NA,NA,NA,NA,NA,NA,NA,NA,NA,NA,NA,NA,NA,NA,NA,NA,NA,NA,NA,NA,NA,NA,NA,6,5,7,5,4,4,5,5,4,4,1,5,4,5,3,4,3,1,1,4,3,1,1,1,1,5,6,6,7,4,4,7,7,5,4,7,7,4,4,7,7,3,4,4,2,2,3,3,4,2,2,2,2,31
32,0,pre,1,12/14/2000,24.27,Male,1,"No, not of Hispanic, Latino, or Spanish origin",0,0,White,1,0,0,0,0,0,Senior,4,Computer Engineering,3,I know some general information,3,NA,NA,No,0,Not interested at all,1,Enhancing academic achievement and learning outcomes,0,1,0,0,0,0,NA,NA,No,0,I have limited knowledge,2,Ocassionally,2,NA,NA,3,4,5,5,6,4,3,2,4,3,2,5,4,3,4,2,2,1,1,2,2,2,1,4,1,7,5,4,7,5,5,6,7,6,5,6,7,5,4,5,6,2,2,4,3,1,2,5,2,1,2,2,3,32
32M,0,mid,2,12/14/2000,24.27,Male,1,"No, not of Hispanic, Latino, or Spanish origin",0,0,White,1,0,0,0,0,0,Senior,4,Computer Engineering,3,NA,NA,NA,NA,NA,NA,NA,NA,NA,NA,NA,NA,NA,NA,NA,NA,NA,NA,NA,NA,NA,NA,NA,NA,NA,5,5,6,4,2,4,5,3,4,3,3,4,4,4,4,2,1,2,1,1,2,1,5,2,1,6,5,4,7,5,3,6,7,5,4,6,7,4,4,5,6,4,3,4,4,2,3,5,3,2,2,2,2,32
32P,0,post,3,12/14/2000,24.27,Male,1,"No, not of Hispanic, Latino, or Spanish origin",0,0,White,1,0,0,0,0,0,Senior,4,Computer Engineering,3,NA,NA,NA,NA,NA,NA,NA,NA,NA,NA,NA,NA,NA,NA,NA,NA,NA,NA,NA,NA,NA,NA,NA,NA,NA,4,5,6,5,3,4,5,3,4,3,3,4,4,5,3,4,1,2,1,1,2,2,2,1,1,6,5,6,7,6,5,6,7,5,5,6,7,5,6,4,7,4,3,4,4,2,3,4,2,2,2,2,3,32
33,1,pre,1,03/14/2007,18.02,Female,2,"No, not of Hispanic, Latino, or Spanish origin",0,0,Asian,0,0,1,0,0,0,Freshmen,1,Computer Engineering,3,I have never heard of it,1,NA,NA,No,0,Not interested at all,1,Conducting psychological assessments and evaluations,0,0,0,1,0,0,NA,NA,Yes,1,I have limited knowledge,2,Rarely,1,NA,NA,2,2,2,2,2,4,3,4,1,1,2,2,1,1,3,4,4,2,5,2,5,4,4,4,5,1,7,1,7,6,6,7,7,2,1,1,7,1,3,3,7,2,4,3,2,2,2,4,1,2,2,2,3,33
33M,1,mid,2,03/14/2007,18.02,Female,2,"No, not of Hispanic, Latino, or Spanish origin",0,0,Asian,0,0,1,0,0,0,Freshmen,1,Computer Engineering,3,NA,NA,NA,NA,NA,NA,NA,NA,NA,NA,NA,NA,NA,NA,NA,NA,NA,NA,NA,NA,NA,NA,NA,NA,NA,5,6,2,2,2,4,3,2,2,2,4,2,2,2,4,4,5,2,1,3,5,2,2,5,3,3,4,4,7,3,3,5,5,3,2,5,6,5,3,4,5,1,2,2,1,2,2,2,2,2,2,1,1,33
33P,1,post,3,03/14/2007,18.02,Female,2,"No, not of Hispanic, Latino, or Spanish origin",0,0,Asian,0,0,1,0,0,0,Freshmen,1,Computer Engineering,3,NA,NA,NA,NA,NA,NA,NA,NA,NA,NA,NA,NA,NA,NA,NA,NA,NA,NA,NA,NA,NA,NA,NA,NA,NA,3,1,1,4,3,5,2,2,1,1,5,3,2,2,1,2,4,3,4,3,5,3,5,3,5,2,7,2,7,6,6,1,6,1,2,1,7,4,4,1,7,1,1,1,1,1,1,1,1,1,1,1,1,33
34,0,pre,1,08/18/2006,18.59,Female,2,"No, not of Hispanic, Latino, or Spanish origin",0,0,White,1,0,0,0,0,0,Freshmen,1,Poultry Science,7,I know some general information,3,NA,NA,No,0,Not interested at all,1,"Working with children and adolescents, Supporting mental health in school environments",1,0,0,0,1,0,NA,NA,No,0,I have moderate knowledge,3,Rarely,1,NA,NA,5,6,6,6,3,4,5,3,5,1,1,4,3,4,3,2,3,3,4,3,2,4,5,2,3,5,5,5,6,5,5,5,6,5,5,6,7,6,5,7,7,3,3,4,2,5,4,4,3,2,3,1,3,34
34M,0,mid,2,08/18/2006,18.59,Female,2,"No, not of Hispanic, Latino, or Spanish origin",0,0,White,1,0,0,0,0,0,Freshmen,1,Poultry Science,7,NA,NA,NA,NA,NA,NA,NA,NA,NA,NA,NA,NA,NA,NA,NA,NA,NA,NA,NA,NA,NA,NA,NA,NA,NA,6,6,7,7,6,4,5,3,4,5,3,4,5,5,5,2,2,3,1,3,3,2,3,4,1,6,6,6,5,6,6,6,6,6,5,7,7,6,6,7,7,2,4,2,1,4,4,4,1,2,5,2,3,34
34P,0,post,3,08/18/2006,18.59,Female,2,"No, not of Hispanic, Latino, or Spanish origin",0,0,White,1,0,0,0,0,0,Freshmen,1,Poultry Science,7,NA,NA,NA,NA,NA,NA,NA,NA,NA,NA,NA,NA,NA,NA,NA,NA,NA,NA,NA,NA,NA,NA,NA,NA,NA,6,6,7,6,6,5,3,4,5,4,3,3,4,4,4,4,2,1,2,1,2,1,2,2,2,6,6,6,7,6,6,5,6,6,6,7,6,7,6,7,7,5,5,4,2,4,4,5,3,4,4,4,4,34
35,1,pre,1,11/24/2003,21.32,Female,2,"Yes, Mexican, Mexican American, Chicano",3,1,Other,0,0,0,0,0,1,Junior,3,Psychology,1,I have never heard of it,1,NA,NA,No,0,Slightly interested,2,"Supporting mental health in school environments, Enhancing academic achievement and learning outcomes",1,1,0,0,0,0,NA,NA,No,0,I have limited knowledge,2,Very Often,4,NA,NA,5,3,4,5,4,4,4,3,4,2,3,2,4,4,3,2,2,2,2,1,2,1,3,3,1,5,6,4,6,6,5,6,7,6,5,5,7,5,6,6,7,1,3,4,2,3,2,4,1,2,2,1,1,35
35M,1,mid,2,11/24/2003,21.32,Female,2,"Yes, Mexican, Mexican American, Chicano",3,1,Other,0,0,0,0,0,1,Junior,3,Psychology,1,NA,NA,NA,NA,NA,NA,NA,NA,NA,NA,NA,NA,NA,NA,NA,NA,NA,NA,NA,NA,NA,NA,NA,NA,NA,4,4,5,3,5,2,2,3,3,1,3,1,2,3,2,3,3,1,2,1,2,1,2,2,2,5,6,4,7,5,5,6,7,5,5,6,6,5,5,4,7,4,4,5,3,5,5,5,3,3,4,3,2,35
35P,1,post,3,11/24/2003,21.32,Female,2,"Yes, Mexican, Mexican American, Chicano",3,1,Other,0,0,0,0,0,1,Junior,3,Psychology,1,NA,NA,NA,NA,NA,NA,NA,NA,NA,NA,NA,NA,NA,NA,NA,NA,NA,NA,NA,NA,NA,NA,NA,NA,NA,5,4,5,5,5,2,2,2,2,1,2,1,2,2,1,2,1,1,2,1,2,1,3,2,1,5,4,4,6,5,6,5,7,6,5,4,6,5,5,5,7,4,4,5,3,5,4,4,5,4,3,4,4,35
36,1,pre,1,11/28/2004,20.31,Female,2,"No, not of Hispanic, Latino, or Spanish origin",0,0,Black or African American,0,1,0,0,0,0,Sophmore,2,Meteorology,7,I know some general information,3,NA,NA,No,0,Not interested at all,1,"Supporting mental health in school environments, Enhancing academic achievement and learning outcomes, Developing and implementing intervention programs, Conducting psychological assessments and evaluations",1,1,1,1,0,0,NA,NA,No,0,I have moderate knowledge,3,Rarely,1,NA,NA,5,4,4,5,5,3,2,2,3,2,2,2,2,3,1,2,1,1,1,1,2,1,1,1,1,3,4,4,7,2,5,5,6,4,4,6,6,4,3,6,7,3,2,4,2,4,3,3,4,5,3,4,5,36
36M,1,mid,2,11/28/2004,20.31,Female,2,"No, not of Hispanic, Latino, or Spanish origin",0,0,Black or African American,0,1,0,0,0,0,Sophmore,2,Meteorology,7,NA,NA,NA,NA,NA,NA,NA,NA,NA,NA,NA,NA,NA,NA,NA,NA,NA,NA,NA,NA,NA,NA,NA,NA,NA,4,4,4,6,3,4,2,3,2,2,2,2,2,2,3,2,3,1,1,1,3,1,3,1,2,3,4,6,7,3,4,5,7,4,4,6,7,4,4,6,7,1,3,2,2,2,2,3,1,2,2,2,3,36
36P,1,post,3,11/28/2004,20.31,Female,2,"No, not of Hispanic, Latino, or Spanish origin",0,0,Black or African American,0,1,0,0,0,0,Sophmore,2,Meteorology,7,NA,NA,NA,NA,NA,NA,NA,NA,NA,NA,NA,NA,NA,NA,NA,NA,NA,NA,NA,NA,NA,NA,NA,NA,NA,6,6,6,6,6,3,3,3,3,3,1,3,3,3,3,3,1,1,1,1,2,1,1,1,1,6,6,6,6,6,6,6,6,6,6,6,6,6,6,6,6,3,3,3,3,3,3,3,3,3,3,3,3,36
37,0,pre,1,08/04/1998,26.63,Female,2,"No, not of Hispanic, Latino, or Spanish origin",0,0,White,1,0,0,0,0,0,Junior,3,Psychology,1,I have heard of it but know very little,2,NA,NA,No,0,Moderately interested,3,"Working with children and adolescents, Supporting mental health in school environments",1,0,0,0,1,0,NA,NA,Yes,1,I am not familiar at all,1,Ocassionally,2,NA,NA,3,3,3,5,7,4,1,3,1,1,2,3,2,2,4,3,2,4,1,2,1,2,3,3,1,6,6,2,7,6,5,4,7,7,6,3,7,6,3,5,7,3,4,4,3,4,4,4,3,2,4,4,5,37
37M,0,mid,2,08/04/1998,26.63,Female,2,"No, not of Hispanic, Latino, or Spanish origin",0,0,White,1,0,0,0,0,0,Junior,3,Psychology,1,NA,NA,NA,NA,NA,NA,NA,NA,NA,NA,NA,NA,NA,NA,NA,NA,NA,NA,NA,NA,NA,NA,NA,NA,NA,5,3,5,5,6,2,4,2,4,4,1,3,3,2,2,4,2,2,4,1,2,1,5,2,4,5,6,3,7,7,6,6,7,6,6,5,7,6,5,5,7,3,4,3,2,3,2,3,2,2,3,3,3,37
37P,0,post,3,08/04/1998,26.63,Female,2,"No, not of Hispanic, Latino, or Spanish origin",0,0,White,1,0,0,0,0,0,Junior,3,Psychology,1,NA,NA,NA,NA,NA,NA,NA,NA,NA,NA,NA,NA,NA,NA,NA,NA,NA,NA,NA,NA,NA,NA,NA,NA,NA,5,1,1,5,3,3,1,2,1,1,3,4,5,4,3,5,5,5,5,2,3,5,5,2,3,6,7,4,7,7,6,7,7,7,6,6,7,7,5,6,7,2,2,2,1,3,3,3,1,1,4,2,2,37
38,1,pre,1,11.02.2005,19.38,Female,2,"No, not of Hispanic, Latino, or Spanish origin",0,0,Asian,0,0,1,0,0,0,Freshmen,1,B.A marketing,6,I know some general information,3,NA,NA,No,0,Slightly interested,2,"Working with children and adolescents, Supporting mental health in school environments",1,0,0,0,1,0,NA,NA,No,0,I have limited knowledge,2,Ocassionally,2,NA,NA,4,4,5,5,5,3,4,3,3,3,4,4,3,4,3,4,4,1,4,2,4,1,5,4,4,4,5,4,7,3,4,5,6,4,5,3,5,4,5,3,6,2,4,4,2,4,3,3,3,3,2,2,3,38
38M,1,mid,2,11.02.2005,19.38,Female,2,"No, not of Hispanic, Latino, or Spanish origin",0,0,Asian,0,0,1,0,0,0,Freshmen,1,B.A marketing,6,NA,NA,NA,NA,NA,NA,NA,NA,NA,NA,NA,NA,NA,NA,NA,NA,NA,NA,NA,NA,NA,NA,NA,NA,NA,5,5,5,5,5,3,3,3,4,3,4,3,3,3,3,5,3,2,3,4,4,2,4,4,4,4,5,4,5,4,4,4,5,4,4,4,5,4,5,4,5,3,3,3,3,4,3,3,2,2,3,2,2,38
38P,1,post,3,11.02.2005,19.38,Female,2,"No, not of Hispanic, Latino, or Spanish origin",0,0,Asian,0,0,1,0,0,0,Freshmen,1,B.A marketing,6,NA,NA,NA,NA,NA,NA,NA,NA,NA,NA,NA,NA,NA,NA,NA,NA,NA,NA,NA,NA,NA,NA,NA,NA,NA,5,5,5,5,5,4,3,3,2,4,4,3,4,3,4,4,4,2,2,2,2,2,3,3,3,4,5,4,5,5,4,5,5,5,4,5,5,5,4,5,5,2,3,4,3,2,4,4,1,1,4,1,1,38
39,0,pre,1,07/07/2004,20.7,Female,2,"No, not of Hispanic, Latino, or Spanish origin",0,0,Black or African American,0,1,0,0,0,0,Junior,3,Psychology,1,I know some general information,3,NA,NA,No,0,Moderately interested,3,Supporting mental health in school environments,1,0,0,0,0,0,NA,NA,Yes,1,I have moderate knowledge,3,Ocassionally,2,NA,NA,2,2,2,4,1,1,3,4,2,1,5,3,3,5,1,5,1,1,1,1,3,1,1,5,1,4,5,6,7,2,4,6,7,2,3,6,7,4,1,6,7,1,2,3,1,5,4,4,3,2,5,3,4,39
39M,0,mid,2,07/07/2004,20.7,Female,2,"No, not of Hispanic, Latino, or Spanish origin",0,0,Black or African American,0,1,0,0,0,0,Junior,3,Psychology,1,NA,NA,NA,NA,NA,NA,NA,NA,NA,NA,NA,NA,NA,NA,NA,NA,NA,NA,NA,NA,NA,NA,NA,NA,NA,2,4,3,2,1,2,5,1,1,1,5,1,5,3,2,4,3,1,3,1,4,3,4,5,4,3,5,6,7,2,4,6,7,1,3,6,7,2,1,7,7,2,5,5,2,5,3,4,1,1,2,3,3,39
39P,0,post,3,07/07/2004,20.7,Female,2,"No, not of Hispanic, Latino, or Spanish origin",0,0,Black or African American,0,1,0,0,0,0,Junior,3,Psychology,1,NA,NA,NA,NA,NA,NA,NA,NA,NA,NA,NA,NA,NA,NA,NA,NA,NA,NA,NA,NA,NA,NA,NA,NA,NA,3,3,4,1,1,4,4,1,1,2,5,3,5,5,1,5,2,1,1,1,4,2,1,3,1,3,7,7,7,7,7,7,7,3,5,7,7,7,4,7,7,3,5,5,3,5,3,5,1,2,5,3,4,39
40,1,pre,1,07/17/2004,20.68,Female,2,"No, not of Hispanic, Latino, or Spanish origin",0,0,White,1,0,0,0,0,0,Junior,3,Psychology,1,I know some general information,3,NA,NA,No,0,Moderately interested,3,"Supporting mental health in school environments, Enhancing academic achievement and learning outcomes",1,1,0,0,0,0,NA,NA,Yes,1,I am highly familiar and knowledgeable,4,Often,3,NA,NA,5,6,6,5,5,4,4,4,3,3,3,3,4,4,4,2,2,1,3,1,2,1,2,1,1,7,7,5,7,7,7,5,7,7,7,6,7,7,7,6,7,1,2,3,1,4,2,4,1,1,2,1,2,40
40M,1,mid,2,07/17/2004,20.68,Female,2,"No, not of Hispanic, Latino, or Spanish origin",0,0,White,1,0,0,0,0,0,Junior,3,Psychology,1,NA,NA,NA,NA,NA,NA,NA,NA,NA,NA,NA,NA,NA,NA,NA,NA,NA,NA,NA,NA,NA,NA,NA,NA,NA,5,5,6,7,5,4,4,3,3,5,3,4,3,3,3,2,1,1,1,1,2,1,2,2,1,6,7,5,7,7,7,5,7,7,7,6,7,7,7,7,7,2,3,5,4,5,4,5,3,1,4,2,4,40
40P,1,post,3,07/17/2004,20.68,Female,2,"No, not of Hispanic, Latino, or Spanish origin",0,0,White,1,0,0,0,0,0,Junior,3,Psychology,1,NA,NA,NA,NA,NA,NA,NA,NA,NA,NA,NA,NA,NA,NA,NA,NA,NA,NA,NA,NA,NA,NA,NA,NA,NA,6,6,6,6,5,4,3,1,4,3,2,2,1,3,2,1,2,1,1,1,4,1,1,2,1,6,7,5,7,7,7,6,7,7,7,5,7,7,7,7,7,4,4,4,2,4,3,4,3,2,4,4,4,40
41,1,pre,1,09/28/2005,19.48,Male,1,"No, not of Hispanic, Latino, or Spanish origin",0,0,"White, Black or African American",1,1,0,0,0,0,Freshmen,1,Electrical Engineering,3,I have heard of it but know very little,2,NA,NA,No,0,Not interested at all,1,"Supporting mental health in school environments, Enhancing academic achievement and learning outcomes",1,1,0,0,0,0,NA,NA,No,0,I have limited knowledge,2,Rarely,1,NA,NA,6,6,6,6,6,3,2,2,2,2,2,2,2,3,2,3,3,1,2,1,3,1,2,1,1,5,6,6,5,3,3,6,5,5,5,6,5,3,3,6,6,3,3,2,5,4,3,3,2,2,4,4,4,41
41M,1,mid,2,09/28/2005,19.48,Male,1,"No, not of Hispanic, Latino, or Spanish origin",0,0,"White, Black or African American",1,1,0,0,0,0,Freshmen,1,Electrical Engineering,3,NA,NA,NA,NA,NA,NA,NA,NA,NA,NA,NA,NA,NA,NA,NA,NA,NA,NA,NA,NA,NA,NA,NA,NA,NA,5,5,5,6,6,3,2,2,2,2,4,2,3,2,2,3,2,3,3,1,2,2,3,1,2,5,5,6,6,3,4,6,6,5,5,6,6,6,3,5,6,1,3,4,2,2,3,4,2,2,2,2,3,41
41P,1,post,3,09/28/2005,19.48,Male,1,"No, not of Hispanic, Latino, or Spanish origin",0,0,"White, Black or African American",1,1,0,0,0,0,Freshmen,1,Electrical Engineering,3,NA,NA,NA,NA,NA,NA,NA,NA,NA,NA,NA,NA,NA,NA,NA,NA,NA,NA,NA,NA,NA,NA,NA,NA,NA,6,6,6,6,5,3,4,3,4,3,3,3,4,4,3,4,2,1,1,1,1,2,2,1,1,6,6,6,6,5,6,6,6,5,6,6,6,5,4,5,6,2,5,3,3,3,2,4,1,2,2,2,2,41
42,0,pre,1,10/31/2005,19.39,Female,2,"No, not of Hispanic, Latino, or Spanish origin",0,0,White,1,0,0,0,0,0,Freshmen,1,Applied Nutrition,4,I have heard of it but know very little,2,NA,NA,No,0,Not interested at all,1,Working with children and adolescents,0,0,0,0,1,0,NA,NA,No,0,I have limited knowledge,2,Rarely,1,NA,NA,6,7,5,5,5,4,4,4,3,3,4,3,3,4,3,3,2,2,2,1,2,2,3,4,3,4,5,4,5,4,5,5,5,4,6,4,4,4,5,5,5,3,2,2,4,2,2,2,4,4,2,4,4,42
42M,0,mid,2,10/31/2005,19.39,Female,2,"No, not of Hispanic, Latino, or Spanish origin",0,0,White,1,0,0,0,0,0,Freshmen,1,Applied Nutrition,4,NA,NA,NA,NA,NA,NA,NA,NA,NA,NA,NA,NA,NA,NA,NA,NA,NA,NA,NA,NA,NA,NA,NA,NA,NA,4,5,5,4,4,4,3,3,3,4,3,3,3,4,3,2,2,2,3,1,3,1,4,2,2,4,6,3,6,5,6,5,5,4,6,4,6,5,5,5,7,3,3,2,2,2,2,2,3,3,2,3,3,42
42P,0,post,3,10/31/2005,19.39,Female,2,"No, not of Hispanic, Latino, or Spanish origin",0,0,White,1,0,0,0,0,0,Freshmen,1,Applied Nutrition,4,NA,NA,NA,NA,NA,NA,NA,NA,NA,NA,NA,NA,NA,NA,NA,NA,NA,NA,NA,NA,NA,NA,NA,NA,NA,5,6,5,6,4,4,4,3,3,4,4,4,4,3,4,4,2,2,4,2,2,2,2,4,2,5,5,4,5,4,5,4,4,5,4,4,5,5,5,5,5,3,3,3,3,2,2,3,3,3,2,3,3,42
43,1,pre,1,02/23/2003,22.07,Female,2,"No, not of Hispanic, Latino, or Spanish origin",0,0,Other,0,0,0,0,0,1,Senior,4,Food Science,7,I know some general information,3,NA,NA,No,0,Slightly interested,2,"Enhancing academic achievement and learning outcomes, Developing and implementing intervention programs",0,1,1,0,0,0,NA,NA,Yes,1,I have limited knowledge,2,Rarely,1,NA,NA,2,1,1,1,2,2,2,2,2,2,3,2,3,2,1,4,4,2,2,4,5,2,4,4,1,3,4,4,6,3,4,4,5,5,3,4,5,3,2,4,6,1,4,2,3,5,3,2,1,1,1,2,2,43
43M,1,mid,2,02/23/2003,22.07,Female,2,"No, not of Hispanic, Latino, or Spanish origin",0,0,Other,0,0,0,0,0,1,Senior,4,Food Science,7,NA,NA,NA,NA,NA,NA,NA,NA,NA,NA,NA,NA,NA,NA,NA,NA,NA,NA,NA,NA,NA,NA,NA,NA,NA,2,2,3,2,3,2,2,3,2,3,2,2,2,2,2,3,4,1,1,2,4,1,3,3,1,2,3,4,5,2,4,4,5,2,3,4,5,3,2,4,6,4,2,4,4,2,3,3,2,2,2,2,4,43
43P,1,post,3,02/23/2003,22.07,Female,2,"No, not of Hispanic, Latino, or Spanish origin",0,0,Other,0,0,0,0,0,1,Senior,4,Food Science,7,NA,NA,NA,NA,NA,NA,NA,NA,NA,NA,NA,NA,NA,NA,NA,NA,NA,NA,NA,NA,NA,NA,NA,NA,NA,NA,NA,NA,NA,NA,NA,NA,NA,NA,NA,NA,NA,NA,NA,NA,NA,NA,NA,NA,NA,NA,NA,NA,NA,NA,NA,NA,NA,NA,NA,NA,NA,NA,NA,NA,NA,NA,NA,NA,NA,NA,NA,NA,NA,NA,NA,NA,NA,NA,NA,NA,NA,NA,43
44,1,pre,1,04/06/2006,18.96,Male,1,"No, not of Hispanic, Latino, or Spanish origin",0,0,Asian,0,0,1,0,0,0,Freshmen,1,Engineering,3,I know some general information,3,NA,NA,No,0,Not interested at all,1,Working with children and adolescents,0,0,0,0,1,0,NA,NA,No,0,I have limited knowledge,2,Rarely,1,NA,NA,2,2,1,3,2,2,2,1,1,2,3,2,2,2,3,4,5,4,4,4,4,4,3,3,4,3,4,4,6,4,4,4,5,3,4,4,5,1,2,3,5,2,5,3,4,3,2,5,2,2,5,4,2,44
44M,1,mid,2,04/06/2006,18.96,Male,1,"No, not of Hispanic, Latino, or Spanish origin",0,0,Asian,0,0,1,0,0,0,Freshmen,1,Engineering,3,NA,NA,NA,NA,NA,NA,NA,NA,NA,NA,NA,NA,NA,NA,NA,NA,NA,NA,NA,NA,NA,NA,NA,NA,NA,2,3,2,2,2,2,2,2,2,2,4,2,4,4,4,3,3,2,4,4,4,4,4,3,4,4,5,4,6,6,6,4,6,4,6,4,5,4,4,4,6,2,2,2,3,2,2,3,2,2,2,2,2,44
44P,1,post,3,04/06/2006,18.96,Male,1,"No, not of Hispanic, Latino, or Spanish origin",0,0,Asian,0,0,1,0,0,0,Freshmen,1,Engineering,3,NA,NA,NA,NA,NA,NA,NA,NA,NA,NA,NA,NA,NA,NA,NA,NA,NA,NA,NA,NA,NA,NA,NA,NA,NA,5,5,5,5,4,3,3,3,3,3,3,3,3,3,3,3,3,3,3,3,3,3,3,3,3,4,6,5,6,6,6,3,6,5,6,4,6,6,3,3,6,3,2,3,4,1,1,1,4,3,2,5,3,44
45,0,pre,1,10/01/2005,19.47,Female,2,"No, not of Hispanic, Latino, or Spanish origin",0,0,Asian,0,0,1,0,0,0,Sophmore,2,Business Administration,6,I have never heard of it,1,NA,NA,No,0,Not interested at all,1,"Working with children and adolescents, Supporting mental health in school environments, Enhancing academic achievement and learning outcomes",1,1,0,0,1,0,NA,NA,No,0,I am not familiar at all,1,Very Often,4,NA,NA,6,7,7,7,4,2,4,4,1,5,3,4,4,4,4,4,3,2,2,1,1,1,4,2,2,4,4,2,6,6,6,7,7,5,5,5,5,7,6,7,7,2,3,5,1,5,3,5,2,3,4,1,2,45
45M,0,mid,2,10/01/2005,19.47,Female,2,"No, not of Hispanic, Latino, or Spanish origin",0,0,Asian,0,0,1,0,0,0,Sophmore,2,Business Administration,6,NA,NA,NA,NA,NA,NA,NA,NA,NA,NA,NA,NA,NA,NA,NA,NA,NA,NA,NA,NA,NA,NA,NA,NA,NA,6,7,7,7,3,1,4,4,3,5,3,3,3,2,1,3,4,1,3,1,4,1,4,1,4,4,4,3,7,5,4,7,7,6,7,7,7,6,5,7,7,2,5,5,5,5,3,3,4,2,5,5,5,45
45P,0,post,3,10/01/2005,19.47,Female,2,"No, not of Hispanic, Latino, or Spanish origin",0,0,Asian,0,0,1,0,0,0,Sophmore,2,Business Administration,6,NA,NA,NA,NA,NA,NA,NA,NA,NA,NA,NA,NA,NA,NA,NA,NA,NA,NA,NA,NA,NA,NA,NA,NA,NA,6,6,6,6,5,3,3,4,4,3,3,3,4,3,3,4,4,1,3,2,4,2,4,1,3,7,6,5,7,5,6,6,6,5,5,5,6,6,7,7,6,4,4,4,5,5,2,3,4,5,2,5,4,45
46,1,pre,1,06/29/2004,20.73,Female,2,"No, not of Hispanic, Latino, or Spanish origin",0,0,Asian,0,0,1,0,0,0,Junior,3,English,5,I have heard of it but know very little,2,NA,NA,No,0,Slightly interested,2,"Supporting mental health in school environments, Enhancing academic achievement and learning outcomes, Developing and implementing intervention programs, Conducting psychological assessments and evaluations",1,1,1,1,0,0,NA,NA,Yes,1,I have moderate knowledge,3,Very Often,4,NA,NA,7,7,7,7,5,2,3,2,3,1,3,4,3,3,1,3,2,1,4,2,2,2,5,2,3,3,4,4,7,5,3,5,6,3,3,4,5,3,3,3,7,4,5,5,5,5,5,5,5,3,5,2,4,46
46M,1,mid,2,06/29/2004,20.73,Female,2,"No, not of Hispanic, Latino, or Spanish origin",0,0,Asian,0,0,1,0,0,0,Junior,3,English,5,NA,NA,NA,NA,NA,NA,NA,NA,NA,NA,NA,NA,NA,NA,NA,NA,NA,NA,NA,NA,NA,NA,NA,NA,NA,NA,NA,NA,NA,NA,NA,NA,NA,NA,NA,NA,NA,NA,NA,NA,NA,NA,NA,NA,NA,NA,NA,NA,NA,NA,NA,NA,NA,NA,NA,NA,NA,NA,NA,NA,NA,NA,NA,NA,NA,NA,NA,NA,NA,NA,NA,NA,NA,NA,NA,NA,NA,NA,46
46P,1,post,3,06/29/2004,20.73,Female,2,"No, not of Hispanic, Latino, or Spanish origin",0,0,Asian,0,0,1,0,0,0,Junior,3,English,5,NA,NA,NA,NA,NA,NA,NA,NA,NA,NA,NA,NA,NA,NA,NA,NA,NA,NA,NA,NA,NA,NA,NA,NA,NA,NA,NA,NA,NA,NA,NA,NA,NA,NA,NA,NA,NA,NA,NA,NA,NA,NA,NA,NA,NA,NA,NA,NA,NA,NA,NA,NA,NA,NA,NA,NA,NA,NA,NA,NA,NA,NA,NA,NA,NA,NA,NA,NA,NA,NA,NA,NA,NA,NA,NA,NA,NA,NA,46
47,0,pre,1,08/22/2006,18.58,Female,2,"Yes, Cuban",2,1,White,1,0,0,0,0,0,Freshmen,1,"Undecided, planning to CODA into Biochemistry",3,I have never heard of it,1,NA,NA,No,0,Not interested at all,1,"Working with children and adolescents, Conducting psychological assessments and evaluations",0,0,0,1,1,0,NA,NA,No,0,I have limited knowledge,2,Rarely,1,NA,NA,6,5,6,6,4,3,3,3,4,4,3,1,3,3,3,2,4,2,1,1,2,2,2,2,1,4,6,4,5,6,6,6,7,6,5,7,6,5,5,6,6,1,4,3,2,3,3,3,1,1,4,1,1,47
47M,0,mid,2,08/22/2006,18.58,Female,2,"Yes, Cuban",2,1,White,1,0,0,0,0,0,Freshmen,1,"Undecided, planning to CODA into Biochemistry",3,NA,NA,NA,NA,NA,NA,NA,NA,NA,NA,NA,NA,NA,NA,NA,NA,NA,NA,NA,NA,NA,NA,NA,NA,NA,6,5,6,5,5,3,4,3,4,2,4,3,3,3,1,4,2,1,1,1,2,1,5,4,2,6,6,4,5,7,6,6,7,7,7,7,6,6,5,6,6,2,4,5,4,3,4,3,3,2,4,5,4,47
47P,0,post,3,08/22/2006,18.58,Female,2,"Yes, Cuban",2,1,White,1,0,0,0,0,0,Freshmen,1,"Undecided, planning to CODA into Biochemistry",3,NA,NA,NA,NA,NA,NA,NA,NA,NA,NA,NA,NA,NA,NA,NA,NA,NA,NA,NA,NA,NA,NA,NA,NA,NA,6,6,7,7,6,4,5,3,2,2,3,1,2,3,4,2,2,1,1,1,4,2,1,1,1,7,7,5,6,7,7,6,6,6,6,6,6,6,6,6,7,3,4,3,5,5,5,5,2,2,4,4,4,47
48,0,pre,1,11/29/2004,20.31,Male,1,"No, not of Hispanic, Latino, or Spanish origin",0,0,Asian,0,0,1,0,0,0,Junior,3,Physics,3,I know some general information,3,NA,NA,Yes,1,Not interested at all,1,"Supporting mental health in school environments, Enhancing academic achievement and learning outcomes",1,1,0,0,0,0,NA,NA,No,0,I am not familiar at all,1,Rarely,1,NA,NA,6,6,6,6,7,4,4,5,4,1,1,5,5,4,4,1,1,1,1,1,1,1,1,1,1,6,6,6,7,5,5,7,7,7,5,7,7,7,5,7,7,2,2,3,2,3,2,2,2,1,3,1,2,48
48M,0,mid,2,11/29/2004,20.31,Male,1,"No, not of Hispanic, Latino, or Spanish origin",0,0,Asian,0,0,1,0,0,0,Junior,3,Physics,3,NA,NA,NA,NA,NA,NA,NA,NA,NA,NA,NA,NA,NA,NA,NA,NA,NA,NA,NA,NA,NA,NA,NA,NA,NA,7,7,7,6,7,4,5,5,5,5,1,5,5,5,5,4,1,1,5,1,1,1,1,1,1,7,7,7,7,7,7,7,7,7,6,7,7,7,7,7,7,5,5,5,5,5,5,5,5,1,5,5,5,48
48P,0,post,3,11/29/2004,20.31,Male,1,"No, not of Hispanic, Latino, or Spanish origin",0,0,Asian,0,0,1,0,0,0,Junior,3,Physics,3,NA,NA,NA,NA,NA,NA,NA,NA,NA,NA,NA,NA,NA,NA,NA,NA,NA,NA,NA,NA,NA,NA,NA,NA,NA,7,7,7,7,7,5,5,5,5,5,1,5,5,5,5,5,1,1,1,1,3,1,3,1,1,7,7,7,7,7,7,7,7,7,7,7,7,7,7,7,7,5,5,5,5,5,5,5,5,5,5,5,5,48
49,0,pre,1,10/22/2004,20.41,Female,2,"No, not of Hispanic, Latino, or Spanish origin",0,0,"White, Asian",1,0,1,0,0,0,Sophmore,2,Psychology,1,I have never heard of it,1,NA,NA,No,0,Slightly interested,2,"Enhancing academic achievement and learning outcomes, Conducting psychological assessments and evaluations",0,1,0,1,0,0,NA,NA,No,0,I have moderate knowledge,3,Rarely,1,NA,NA,2,3,2,2,3,3,1,2,1,2,1,2,2,2,3,2,1,1,3,1,1,4,4,4,4,3,2,3,5,1,1,5,4,4,3,4,5,3,3,4,5,2,4,4,4,4,4,2,2,2,2,1,1,49
49M,0,mid,2,10/22/2004,20.41,Female,2,"No, not of Hispanic, Latino, or Spanish origin",0,0,"White, Asian",1,0,1,0,0,0,Sophmore,2,Psychology,1,NA,NA,NA,NA,NA,NA,NA,NA,NA,NA,NA,NA,NA,NA,NA,NA,NA,NA,NA,NA,NA,NA,NA,NA,NA,3,3,3,3,5,3,2,1,1,1,3,3,2,1,1,4,2,2,2,1,2,2,4,1,1,4,4,4,4,4,4,4,4,4,4,4,4,4,4,4,4,2,2,2,3,2,2,3,2,2,2,2,2,49
49P,0,post,3,10/22/2004,20.41,Female,2,"No, not of Hispanic, Latino, or Spanish origin",0,0,"White, Asian",1,0,1,0,0,0,Sophmore,2,Psychology,1,NA,NA,NA,NA,NA,NA,NA,NA,NA,NA,NA,NA,NA,NA,NA,NA,NA,NA,NA,NA,NA,NA,NA,NA,NA,1,1,1,1,5,3,1,1,1,1,1,2,2,1,2,2,1,1,2,1,2,1,2,1,1,4,3,3,5,3,3,4,4,3,4,4,5,3,3,4,4,1,1,3,2,2,2,3,1,1,2,2,2,49
50,1,pre,1,01/27/2006,19.15,Male,1,"No, not of Hispanic, Latino, or Spanish origin",0,0,White,1,0,0,0,0,0,Freshmen,1,Exploratory studies,7,I know some general information,3,NA,NA,No,0,Not interested at all,1,"Enhancing academic achievement and learning outcomes, Developing and implementing intervention programs, Conducting psychological assessments and evaluations",0,1,1,1,0,0,NA,NA,No,0,I have moderate knowledge,3,Very Often,4,NA,NA,6,6,6,4,5,4,4,5,3,2,3,3,4,4,5,4,3,2,2,4,4,3,4,4,4,5,5,5,7,5,5,5,6,5,4,5,6,6,6,4,6,5,5,3,4,5,4,5,4,2,4,4,3,50
50M,1,mid,2,01/27/2006,19.15,Male,1,"No, not of Hispanic, Latino, or Spanish origin",0,0,White,1,0,0,0,0,0,Freshmen,1,Exploratory studies,7,NA,NA,NA,NA,NA,NA,NA,NA,NA,NA,NA,NA,NA,NA,NA,NA,NA,NA,NA,NA,NA,NA,NA,NA,NA,6,6,6,6,5,4,3,3,3,4,4,4,4,4,2,4,3,3,4,2,4,2,4,5,4,5,5,5,7,5,6,6,6,5,6,6,6,7,7,6,6,2,5,4,3,4,3,3,2,4,5,3,4,50
50P,1,post,3,01/27/2006,19.15,Male,1,"No, not of Hispanic, Latino, or Spanish origin",0,0,White,1,0,0,0,0,0,Freshmen,1,Exploratory studies,7,NA,NA,NA,NA,NA,NA,NA,NA,NA,NA,NA,NA,NA,NA,NA,NA,NA,NA,NA,NA,NA,NA,NA,NA,NA,6,6,6,6,5,4,4,5,4,4,4,4,5,5,5,5,3,3,3,4,4,3,5,5,3,6,6,6,7,7,7,6,6,6,6,6,6,7,7,7,7,2,3,5,2,3,4,5,2,3,3,2,2,50
51,0,pre,1,03/25/2005,19.99,Male,1,"No, not of Hispanic, Latino, or Spanish origin",0,0,White,1,0,0,0,0,0,Freshmen,1,"Currently Exploratory Studies, plan to CODA into Marine Science at the end of this semester.",7,I have heard of it but know very little,2,NA,NA,No,0,Slightly interested,2,"Supporting mental health in school environments, Enhancing academic achievement and learning outcomes",1,1,0,0,0,0,NA,NA,Yes,1,I have moderate knowledge,3,Ocassionally,2,NA,NA,1,3,5,5,5,4,2,3,2,3,3,3,5,4,4,2,2,1,3,1,2,1,2,2,2,6,6,5,7,6,6,5,7,6,4,5,6,5,5,6,7,1,2,3,1,3,2,2,1,1,2,1,2,51
51M,0,mid,NA,03/25/2005,19.99,Male,1,"No, not of Hispanic, Latino, or Spanish origin",0,0,White,1,0,0,0,0,0,Freshmen,1,"Currently Exploratory Studies, plan to CODA into Marine Science at the end of this semester.",7,NA,NA,NA,NA,NA,NA,NA,NA,NA,NA,NA,NA,NA,NA,NA,NA,NA,NA,NA,NA,NA,NA,NA,NA,NA,4,4,5,6,6,4,3,3,3,2,3,5,4,2,4,1,2,1,1,1,2,1,1,1,1,6,6,6,7,6,6,6,7,6,5,6,6,5,6,6,7,3,3,4,2,2,3,4,2,2,3,3,3,51
51P,0,post,NA,03/25/2005,19.99,Male,1,"No, not of Hispanic, Latino, or Spanish origin",0,0,White,1,0,0,0,0,0,Freshmen,1,"Currently Exploratory Studies, plan to CODA into Marine Science at the end of this semester.",7,NA,NA,NA,NA,NA,NA,NA,NA,NA,NA,NA,NA,NA,NA,NA,NA,NA,NA,NA,NA,NA,NA,NA,NA,NA,4,4,4,5,6,2,3,3,2,2,2,3,5,3,4,5,4,2,2,1,3,1,2,1,2,6,7,6,7,6,5,5,6,6,5,5,7,6,6,6,7,2,3,3,2,3,3,5,3,2,3,3,4,51
52,1,pre,1,10/29/2002,22.39,Male,1,"No, not of Hispanic, Latino, or Spanish origin",0,0,White,1,0,0,0,0,0,Senior,4,Mechanical Engineering,3,I have never heard of it,1,NA,NA,No,0,Slightly interested,2,"Working with children and adolescents, Enhancing academic achievement and learning outcomes",0,1,0,0,1,0,NA,NA,Yes,1,I have limited knowledge,2,Rarely,1,NA,NA,2,6,6,6,7,4,4,5,4,3,4,4,4,5,5,2,2,1,2,1,2,1,1,1,1,6,7,5,7,7,7,6,7,7,6,5,7,6,7,6,6,1,2,4,3,3,3,4,2,1,2,2,2,52
52M,1,mid,2,10/29/2002,22.39,Male,1,"No, not of Hispanic, Latino, or Spanish origin",0,0,White,1,0,0,0,0,0,Senior,4,Mechanical Engineering,3,NA,NA,NA,NA,NA,NA,NA,NA,NA,NA,NA,NA,NA,NA,NA,NA,NA,NA,NA,NA,NA,NA,NA,NA,NA,6,6,6,3,6,4,3,4,4,5,2,5,4,4,3,2,1,1,2,1,2,1,2,2,1,6,7,6,7,6,7,6,7,7,7,5,7,6,6,6,6,4,4,4,4,1,4,4,3,3,4,5,5,52
52P,1,post,3,10/29/2002,22.39,Male,1,"No, not of Hispanic, Latino, or Spanish origin",0,0,White,1,0,0,0,0,0,Senior,4,Mechanical Engineering,3,NA,NA,NA,NA,NA,NA,NA,NA,NA,NA,NA,NA,NA,NA,NA,NA,NA,NA,NA,NA,NA,NA,NA,NA,NA,6,5,6,5,6,4,4,5,4,5,4,4,4,4,5,4,1,2,2,2,2,1,2,1,1,6,6,4,7,6,6,6,6,6,6,5,7,7,6,5,6,4,4,4,5,3,4,4,2,2,5,4,5,52
53,0,pre,1,10/28/2004,20.39,Female,2,"No, not of Hispanic, Latino, or Spanish origin",0,0,White,1,0,0,0,0,0,Freshmen,1,psychology,1,I know some general information,3,NA,NA,No,0,Not interested at all,1,"Working with children and adolescents, Supporting mental health in school environments",1,0,0,0,1,0,NA,NA,No,0,I have limited knowledge,2,Ocassionally,2,NA,NA,5,5,6,7,5,5,3,1,3,2,3,5,3,4,3,1,2,3,2,1,1,1,3,1,3,6,7,5,7,6,7,6,7,3,7,3,7,6,7,6,7,1,4,3,1,3,3,4,2,1,4,2,4,53
53M,0,mid,2,10/28/2004,20.39,Female,2,"No, not of Hispanic, Latino, or Spanish origin",0,0,White,1,0,0,0,0,0,Freshmen,1,psychology,1,NA,NA,NA,NA,NA,NA,NA,NA,NA,NA,NA,NA,NA,NA,NA,NA,NA,NA,NA,NA,NA,NA,NA,NA,NA,6,6,6,6,5,2,2,1,3,3,1,1,4,3,2,1,3,1,1,1,1,1,5,4,1,6,7,6,7,6,7,6,7,6,7,4,6,6,6,4,6,2,4,4,4,4,3,5,2,4,4,2,2,53
53P,0,post,3,10/28/2004,20.39,Female,2,"No, not of Hispanic, Latino, or Spanish origin",0,0,White,1,0,0,0,0,0,Freshmen,1,psychology,1,NA,NA,NA,NA,NA,NA,NA,NA,NA,NA,NA,NA,NA,NA,NA,NA,NA,NA,NA,NA,NA,NA,NA,NA,NA,6,5,6,6,3,2,2,1,3,1,1,1,4,3,4,4,3,1,1,1,3,1,4,1,2,5,6,5,7,7,6,6,7,6,7,6,7,5,7,7,7,2,4,4,4,4,2,5,1,3,2,2,3,53
54,1,pre,1,09/17/2003,21.51,Female,2,"No, not of Hispanic, Latino, or Spanish origin",0,0,White,1,0,0,0,0,0,Junior,3,elemetnary and special education,2,I know some general information,3,NA,NA,No,0,Slightly interested,2,"Working with children and adolescents, Supporting mental health in school environments, Enhancing academic achievement and learning outcomes, Developing and implementing intervention programs",1,1,1,0,1,0,NA,NA,No,0,I have limited knowledge,2,Ocassionally,2,NA,NA,6,5,6,6,7,3,3,1,2,5,2,1,2,2,1,5,5,1,1,4,5,1,4,4,1,6,7,7,7,7,7,6,6,7,7,6,7,6,6,6,7,1,3,3,1,3,2,3,2,1,3,2,3,54
54M,1,mid,2,09/17/2003,21.51,Female,2,"No, not of Hispanic, Latino, or Spanish origin",0,0,White,1,0,0,0,0,0,Junior,3,elemetnary and special education,2,NA,NA,NA,NA,NA,NA,NA,NA,NA,NA,NA,NA,NA,NA,NA,NA,NA,NA,NA,NA,NA,NA,NA,NA,NA,6,6,6,7,6,4,3,1,4,4,3,3,3,3,3,3,1,1,1,1,1,1,1,3,1,7,7,7,7,7,7,7,7,7,7,6,7,7,7,6,7,2,2,3,2,4,2,3,2,1,2,2,3,54
54P,1,post,3,09/17/2003,21.51,Female,2,"No, not of Hispanic, Latino, or Spanish origin",0,0,White,1,0,0,0,0,0,Junior,3,elemetnary and special education,2,NA,NA,NA,NA,NA,NA,NA,NA,NA,NA,NA,NA,NA,NA,NA,NA,NA,NA,NA,NA,NA,NA,NA,NA,NA,NA,NA,NA,NA,NA,NA,NA,NA,NA,NA,NA,NA,NA,NA,NA,NA,NA,NA,NA,NA,NA,NA,NA,NA,NA,NA,NA,NA,NA,NA,NA,NA,NA,NA,NA,NA,NA,NA,NA,NA,NA,NA,NA,NA,NA,NA,NA,NA,NA,NA,NA,NA,NA,54
55,0,pre,1,03/24/2005,19.99,Male,1,"No, not of Hispanic, Latino, or Spanish origin",0,0,Asian,0,0,1,0,0,0,Sophmore,2,Mechanical Engineering,3,I have heard of it but know very little,2,NA,NA,Yes,1,Not interested at all,1,"Supporting mental health in school environments, Enhancing academic achievement and learning outcomes, Conducting psychological assessments and evaluations",1,1,0,1,0,0,NA,NA,No,0,I have moderate knowledge,3,Rarely,1,NA,NA,5,5,2,1,2,4,2,1,2,1,2,1,3,2,2,3,1,1,1,1,3,1,1,1,1,3,4,4,6,6,5,6,6,5,1,4,6,5,2,4,6,1,3,2,1,2,2,2,1,1,1,1,5,55
55M,0,mid,2,03/24/2005,19.99,Male,1,"No, not of Hispanic, Latino, or Spanish origin",0,0,Asian,0,0,1,0,0,0,Sophmore,2,Mechanical Engineering,3,NA,NA,NA,NA,NA,NA,NA,NA,NA,NA,NA,NA,NA,NA,NA,NA,NA,NA,NA,NA,NA,NA,NA,NA,NA,3,6,1,2,2,4,2,1,2,2,1,2,3,1,3,3,1,2,1,1,1,1,4,4,1,5,3,4,6,2,2,5,6,2,1,4,6,5,1,4,6,4,3,4,4,3,2,4,2,1,2,2,4,55
55P,0,post,3,03/24/2005,19.99,Male,1,"No, not of Hispanic, Latino, or Spanish origin",0,0,Asian,0,0,1,0,0,0,Sophmore,2,Mechanical Engineering,3,NA,NA,NA,NA,NA,NA,NA,NA,NA,NA,NA,NA,NA,NA,NA,NA,NA,NA,NA,NA,NA,NA,NA,NA,NA,5,6,1,3,1,5,5,3,4,3,3,3,3,3,4,3,2,3,1,1,1,2,4,2,1,3,3,4,7,5,3,6,6,2,2,4,7,5,3,6,6,4,3,4,4,4,2,5,3,2,2,3,2,55
56,1,pre,1,03/07/2007,18.04,Male,1,"No, not of Hispanic, Latino, or Spanish origin",0,0,Asian,0,0,1,0,0,0,Freshmen,1,Computer Science,3,I have heard of it but know very little,2,NA,NA,No,0,Not interested at all,1,"Enhancing academic achievement and learning outcomes, Developing and implementing intervention programs",0,1,1,0,0,0,NA,NA,No,0,I have limited knowledge,2,Ocassionally,2,NA,NA,5,6,3,3,2,3,1,1,3,2,1,3,3,4,1,2,1,1,1,1,2,1,1,1,1,2,2,4,7,3,2,6,1,6,2,6,7,7,6,5,7,1,2,2,2,4,2,3,2,2,3,3,2,56
56M,1,mid,2,03/07/2007,18.04,Male,1,"No, not of Hispanic, Latino, or Spanish origin",0,0,Asian,0,0,1,0,0,0,Freshmen,1,Computer Science,3,NA,NA,NA,NA,NA,NA,NA,NA,NA,NA,NA,NA,NA,NA,NA,NA,NA,NA,NA,NA,NA,NA,NA,NA,NA,6,6,3,7,3,3,5,1,2,5,1,1,5,1,3,4,1,1,1,1,4,1,2,1,1,3,5,6,7,2,4,7,7,2,3,7,7,7,7,7,7,3,2,3,5,3,3,2,4,3,2,2,NA,56
56P,1,post,3,03/07/2007,18.04,Male,1,"No, not of Hispanic, Latino, or Spanish origin",0,0,Asian,0,0,1,0,0,0,Freshmen,1,Computer Science,3,NA,NA,NA,NA,NA,NA,NA,NA,NA,NA,NA,NA,NA,NA,NA,NA,NA,NA,NA,NA,NA,NA,NA,NA,NA,7,7,7,7,7,5,5,3,4,5,3,4,5,5,5,5,2,1,1,1,1,1,2,3,1,7,7,7,7,7,7,7,7,7,7,7,7,7,5,7,7,4,3,3,2,5,4,3,3,4,5,4,5,56
57,1,pre,1,05/22/2006,18.83,Male,1,"Yes, Mexican, Mexican American, Chicano",3,1,White,1,0,0,0,0,0,Freshmen,1,Undecided,7,I have never heard of it,1,NA,NA,No,0,Not interested at all,1,"Supporting mental health in school environments, Enhancing academic achievement and learning outcomes, Developing and implementing intervention programs",1,1,1,0,0,0,NA,NA,No,0,I am not familiar at all,1,Ocassionally,2,NA,NA,5,4,3,5,2,2,2,2,2,2,3,3,3,2,3,3,3,1,3,1,3,2,3,3,1,4,2,3,6,4,2,4,5,3,2,4,6,2,1,3,6,3,4,4,4,3,2,4,4,3,3,1,4,57
57M,1,mid,2,05/22/2006,18.83,Male,1,"Yes, Mexican, Mexican American, Chicano",3,1,White,1,0,0,0,0,0,Freshmen,1,Undecided,7,NA,NA,NA,NA,NA,NA,NA,NA,NA,NA,NA,NA,NA,NA,NA,NA,NA,NA,NA,NA,NA,NA,NA,NA,NA,4,3,5,3,1,4,5,2,5,3,2,1,2,1,1,5,2,3,4,2,5,1,5,4,5,4,3,3,6,3,2,5,7,4,2,5,6,2,1,3,6,4,3,4,2,1,1,1,2,2,2,2,2,57
579,1,post,3,05/22/2006,18.83,Male,1,"Yes, Mexican, Mexican American, Chicano",3,1,White,1,0,0,0,0,0,Freshmen,1,Undecided,7,NA,NA,NA,NA,NA,NA,NA,NA,NA,NA,NA,NA,NA,NA,NA,NA,NA,NA,NA,NA,NA,NA,NA,NA,NA,3,5,3,5,1,1,1,1,2,2,2,1,1,1,2,1,4,5,4,3,4,5,4,4,4,5,2,4,6,2,3,5,6,3,3,5,7,2,2,5,6,3,2,3,2,2,2,2,2,2,2,2,2,57
58,0,pre,1,(07/25/2006),18.66,Gender-Fluid & Non-Binary (They/She),3,"No, not of Hispanic, Latino, or Spanish origin",0,0,"Asian, Native Hawaiian or Other Pacific Islander",0,0,1,0,1,1,Freshmen,1,Biological & Agricultural Engineering,3,I know some general information,3,NA,NA,Yes,1,Not interested at all,1,"Working with children and adolescents, Supporting mental health in school environments, Developing and implementing intervention programs",1,0,1,0,1,0,NA,NA,No,0,I have moderate knowledge,3,Ocassionally,2,NA,NA,4,4,4,6,5,3,4,2,3,1,2,3,3,3,3,4,4,1,3,1,3,2,4,4,2,2,5,6,7,1,4,6,6,2,3,6,7,2,3,6,7,1,2,2,1,2,2,2,1,1,1,1,1,58
58M,0,mid,2,(07/25/2006),18.66,Gender-Fluid & Non-Binary (They/She),3,"No, not of Hispanic, Latino, or Spanish origin",0,0,"Asian, Native Hawaiian or Other Pacific Islander",0,0,1,0,1,1,Freshmen,1,Biological & Agricultural Engineering,3,NA,NA,NA,NA,NA,NA,NA,NA,NA,NA,NA,NA,NA,NA,NA,NA,NA,NA,NA,NA,NA,NA,NA,NA,NA,NA,NA,NA,NA,NA,NA,NA,NA,NA,NA,NA,NA,NA,NA,NA,NA,NA,NA,NA,NA,NA,NA,NA,NA,NA,NA,NA,NA,NA,NA,NA,NA,NA,NA,NA,NA,NA,NA,NA,NA,NA,NA,NA,NA,NA,NA,NA,NA,NA,NA,NA,NA,NA,58
58P,0,post,3,(07/25/2006),18.66,Gender-Fluid & Non-Binary (They/She),3,"No, not of Hispanic, Latino, or Spanish origin",0,0,"Asian, Native Hawaiian or Other Pacific Islander",0,0,1,0,1,1,Freshmen,1,Biological & Agricultural Engineering,3,NA,NA,NA,NA,NA,NA,NA,NA,NA,NA,NA,NA,NA,NA,NA,NA,NA,NA,NA,NA,NA,NA,NA,NA,NA,NA,NA,NA,NA,NA,NA,NA,NA,NA,NA,NA,NA,NA,NA,NA,NA,NA,NA,NA,NA,NA,NA,NA,NA,NA,NA,NA,NA,NA,NA,NA,NA,NA,NA,NA,NA,NA,NA,NA,NA,NA,NA,NA,NA,NA,NA,NA,NA,NA,NA,NA,NA,NA,58
59,0,pre,1,09/04/2005,19.54,Male,1,"No, not of Hispanic, Latino, or Spanish origin",0,0,White,1,0,0,0,0,0,Freshmen,1,Business Finance,6,I know some general information,3,NA,NA,Yes,1,Not interested at all,1,"Supporting mental health in school environments, Enhancing academic achievement and learning outcomes, Developing and implementing intervention programs, Conducting psychological assessments and evaluations",1,1,1,1,0,0,NA,NA,No,0,I have moderate knowledge,3,Very Often,4,NA,NA,6,7,7,7,7,5,5,5,5,5,5,5,5,5,5,3,1,1,1,2,3,1,2,1,1,7,7,7,7,5,7,7,7,5,7,7,7,7,4,7,7,4,4,4,1,5,4,5,2,2,5,2,4,59
59M,0,mid,2,09/04/2005,19.54,Male,1,"No, not of Hispanic, Latino, or Spanish origin",0,0,White,1,0,0,0,0,0,Freshmen,1,Business Finance,6,NA,NA,NA,NA,NA,NA,NA,NA,NA,NA,NA,NA,NA,NA,NA,NA,NA,NA,NA,NA,NA,NA,NA,NA,NA,7,7,7,7,6,5,5,5,5,5,2,5,5,4,5,4,1,2,1,1,1,1,1,1,1,7,7,7,7,7,7,7,7,7,7,7,7,7,7,7,7,4,5,5,4,5,4,5,4,5,4,4,5,59
59P,0,post,3,09/04/2005,19.54,Male,1,"No, not of Hispanic, Latino, or Spanish origin",0,0,White,1,0,0,0,0,0,Freshmen,1,Business Finance,6,NA,NA,NA,NA,NA,NA,NA,NA,NA,NA,NA,NA,NA,NA,NA,NA,NA,NA,NA,NA,NA,NA,NA,NA,NA,7,7,7,7,7,5,4,5,5,5,4,5,5,3,5,5,1,1,1,1,1,1,1,1,1,7,7,7,7,7,7,7,7,7,7,7,7,7,6,7,7,3,5,5,4,5,4,5,3,4,5,3,3,59
60,1,pre,1,09/12/2002,22.52,Male,1,"No, not of Hispanic, Latino, or Spanish origin",0,0,White,1,0,0,0,0,0,Senior,4,biochemistry,3,I have never heard of it,1,NA,NA,No,0,Not interested at all,1,Supporting mental health in school environments,1,0,0,0,0,0,NA,NA,No,0,I have moderate knowledge,3,Ocassionally,2,NA,NA,4,3,5,3,5,3,3,3,3,3,3,4,5,4,3,4,4,2,3,4,4,3,3,3,3,4,5,4,5,4,6,3,5,5,7,7,5,6,6,5,5,4,4,5,3,5,4,5,2,2,5,3,4,60
60M,1,mid,2,09/12/2002,22.52,Male,1,"No, not of Hispanic, Latino, or Spanish origin",0,0,White,1,0,0,0,0,0,Senior,4,biochemistry,3,NA,NA,NA,NA,NA,NA,NA,NA,NA,NA,NA,NA,NA,NA,NA,NA,NA,NA,NA,NA,NA,NA,NA,NA,NA,4,5,6,5,4,4,4,3,4,4,5,4,5,4,3,5,4,4,5,2,3,4,5,5,4,6,7,3,4,5,4,5,6,5,7,5,4,5,6,5,5,3,4,4,1,3,5,2,2,3,5,2,3,60
60P,1,post,3,09/12/2002,22.52,Male,1,"No, not of Hispanic, Latino, or Spanish origin",0,0,White,1,0,0,0,0,0,Senior,4,biochemistry,3,NA,NA,NA,NA,NA,NA,NA,NA,NA,NA,NA,NA,NA,NA,NA,NA,NA,NA,NA,NA,NA,NA,NA,NA,NA,5,4,3,4,3,3,3,3,4,4,5,2,4,2,3,4,2,3,3,2,3,3,5,3,4,2,5,4,4,4,7,5,4,3,5,4,5,4,4,5,6,4,3,3,3,4,4,3,4,2,5,1,2,60
61,1,pre,1,01/29/2004,21.14,Female,2,"Yes, Puerto Rican",1,1,White,1,0,0,0,0,0,Junior,3,Elementary and Special Education,2,I know some general information,3,NA,NA,No,0,Slightly interested,2,"Working with children and adolescents, Supporting mental health in school environments, Enhancing academic achievement and learning outcomes, Developing and implementing intervention programs",1,1,1,0,1,0,NA,NA,No,0,I have moderate knowledge,3,Often,3,NA,NA,7,6,6,6,7,2,2,1,4,4,4,2,4,4,3,4,2,1,1,1,2,1,4,4,1,6,7,6,7,7,7,7,7,7,7,7,7,7,7,7,7,2,3,3,2,3,2,3,2,3,3,2,3,61
61M,1,mid,2,01/29/2004,21.14,Female,2,"Yes, Puerto Rican",1,1,White,1,0,0,0,0,0,Junior,3,Elementary and Special Education,2,NA,NA,NA,NA,NA,NA,NA,NA,NA,NA,NA,NA,NA,NA,NA,NA,NA,NA,NA,NA,NA,NA,NA,NA,NA,7,6,7,6,7,4,4,3,3,4,3,3,3,3,3,2,1,1,2,1,1,1,2,2,1,7,7,6,7,7,7,6,7,7,7,7,7,7,7,7,7,2,5,3,4,3,3,4,4,3,3,3,4,61
61P,1,post,3,01/29/2004,21.14,Female,2,"Yes, Puerto Rican",1,1,White,1,0,0,0,0,0,Junior,3,Elementary and Special Education,2,NA,NA,NA,NA,NA,NA,NA,NA,NA,NA,NA,NA,NA,NA,NA,NA,NA,NA,NA,NA,NA,NA,NA,NA,NA,7,7,7,7,7,4,5,3,5,4,4,3,4,4,5,4,1,1,2,1,1,1,2,3,1,7,7,6,7,7,7,6,6,7,7,7,7,7,7,6,7,3,3,4,3,4,3,4,4,3,2,3,4,61
62,1,pre,1,11/16/2005,19.34,Male,1,"No, not of Hispanic, Latino, or Spanish origin",0,0,White,1,0,0,0,0,0,Freshmen,1,Exploratory Studies/Undecided,7,I have heard of it but know very little,2,NA,NA,No,0,Not interested at all,1,"Supporting mental health in school environments, Conducting psychological assessments and evaluations",1,0,0,1,0,0,NA,NA,No,0,I have moderate knowledge,3,Ocassionally,2,NA,NA,7,6,6,6,5,4,5,4,4,5,4,5,5,4,5,1,1,3,1,1,2,2,3,1,1,6,6,7,7,6,5,7,7,6,7,7,6,6,6,6,7,2,3,3,1,2,3,3,1,2,4,1,1,62
62M,1,mid,2,11/16/2005,19.34,Male,1,"No, not of Hispanic, Latino, or Spanish origin",0,0,White,1,0,0,0,0,0,Freshmen,1,Exploratory Studies/Undecided,7,NA,NA,NA,NA,NA,NA,NA,NA,NA,NA,NA,NA,NA,NA,NA,NA,NA,NA,NA,NA,NA,NA,NA,NA,NA,5,6,7,7,5,5,5,4,4,5,4,4,5,4,4,4,2,1,1,1,2,2,4,2,2,7,6,7,7,6,6,7,7,7,6,7,7,6,5,7,7,4,3,4,5,5,4,4,4,4,3,3,4,62
62P,1,post,3,11/16/2005,19.34,Male,1,"No, not of Hispanic, Latino, or Spanish origin",0,0,White,1,0,0,0,0,0,Freshmen,1,Exploratory Studies/Undecided,7,NA,NA,NA,NA,NA,NA,NA,NA,NA,NA,NA,NA,NA,NA,NA,NA,NA,NA,NA,NA,NA,NA,NA,NA,NA,6,6,7,7,5,4,4,4,4,4,4,1,5,4,4,5,3,2,1,1,3,1,3,1,1,6,6,7,7,7,6,7,7,7,5,7,7,7,6,7,7,3,3,5,5,4,3,4,5,5,4,4,3,62
63,1,pre,1,04/17/2004,20.93,Female,2,"No, not of Hispanic, Latino, or Spanish origin",0,0,White,1,0,0,0,0,0,Junior,3,Education,2,I know some general information,3,NA,NA,Yes,1,Not interested at all,1,"Working with children and adolescents, Supporting mental health in school environments",1,0,0,0,1,0,NA,NA,No,0,I have moderate knowledge,3,Rarely,1,NA,NA,2,3,6,2,4,2,2,2,3,2,2,2,3,3,2,5,5,4,5,2,2,4,5,4,5,6,4,4,6,4,4,5,7,5,6,5,6,4,6,5,5,3,4,3,2,5,3,4,2,2,3,2,4,63
63M,1,mid,2,04/17/2004,20.93,Female,2,"No, not of Hispanic, Latino, or Spanish origin",0,0,White,1,0,0,0,0,0,Junior,3,Education,2,NA,NA,NA,NA,NA,NA,NA,NA,NA,NA,NA,NA,NA,NA,NA,NA,NA,NA,NA,NA,NA,NA,NA,NA,NA,2,3,5,3,4,3,3,4,2,3,2,3,3,1,1,2,4,3,3,1,2,3,2,1,1,5,4,4,6,5,3,5,6,6,3,5,5,5,3,3,5,4,2,1,1,1,2,2,1,1,2,2,2,63
63P,1,post,3,04/17/2004,20.93,Female,2,"No, not of Hispanic, Latino, or Spanish origin",0,0,White,1,0,0,0,0,0,Junior,3,Education,2,NA,NA,NA,NA,NA,NA,NA,NA,NA,NA,NA,NA,NA,NA,NA,NA,NA,NA,NA,NA,NA,NA,NA,NA,NA,3,4,3,1,3,4,5,3,4,3,3,3,3,3,4,3,2,2,2,2,2,4,3,4,2,5,5,5,5,5,4,4,7,6,2,2,6,6,3,3,6,1,2,5,1,2,4,2,1,1,5,1,1,63
64,0,pre,1,06/24/2005,19.74,Female,2,"Yes, another Hispanic, Latino, or Spanish origin (please specify):",4,1,Other,0,0,0,0,0,1,Junior,3,Animal Science,7,I know some general information,3,NA,NA,No,0,Not interested at all,1,"Working with children and adolescents, Supporting mental health in school environments and I will need it dummy coded for these columns, Appeal_MentalHealth Appeal_Academics Appeal_Intervention Appeal_Assessment Appeal_Other",1,0,0,0,1,0,NA,NA,No,0,I have moderate knowledge,3,Ocassionally,2,NA,NA,6,6,7,6,3,4,4,3,4,2,3,3,4,4,4,2,1,1,1,1,1,1,1,1,1,6,7,5,7,6,7,7,7,6,6,5,7,6,6,7,6,1,3,4,2,5,2,3,1,2,5,2,1,64
64M,0,mid,2,06/24/2005,19.74,Female,2,"Yes, another Hispanic, Latino, or Spanish origin (please specify):",4,1,Other,0,0,0,0,0,1,Junior,3,Animal Science,7,NA,NA,NA,NA,NA,NA,NA,NA,NA,NA,NA,NA,NA,NA,NA,NA,NA,NA,NA,NA,NA,NA,NA,NA,NA,6,4,7,7,6,4,3,3,3,3,3,4,4,4,4,2,1,3,1,1,1,5,2,2,1,6,7,6,7,6,6,6,7,6,6,6,7,7,6,6,7,4,3,4,5,5,4,4,3,4,2,2,4,64
64P,0,post,3,06/24/2005,19.74,Female,2,"Yes, another Hispanic, Latino, or Spanish origin (please specify):",4,1,Other,0,0,0,0,0,1,Junior,3,Animal Science,7,NA,NA,NA,NA,NA,NA,NA,NA,NA,NA,NA,NA,NA,NA,NA,NA,NA,NA,NA,NA,NA,NA,NA,NA,NA,5,4,6,6,6,3,2,3,1,1,1,3,4,1,3,4,2,3,1,1,2,1,1,1,1,6,7,6,7,6,6,6,6,6,6,6,7,7,7,6,6,3,3,4,5,3,3,4,3,4,2,2,3,64
65,0,pre,1,04/07/2007,17.96,Male,2,"No, not of Hispanic, Latino, or Spanish origin",0,0,Asian,0,0,1,0,0,0,Freshmen,1,Statistics,3,I have heard of it but know very little,2,NA,NA,No,0,Not interested at all,1,Conducting psychological assessments and evaluations,0,0,0,1,0,0,NA,NA,No,0,I have limited knowledge,2,Never,0,NA,NA,4,5,4,5,2,3,2,3,2,1,3,3,4,3,3,1,2,4,2,1,3,4,4,1,1,5,4,1,5,5,4,4,4,5,5,4,5,5,5,4,5,4,3,2,2,3,2,2,2,4,1,4,5,65
65M,0,mid,2,04/07/2007,17.96,Male,2,"No, not of Hispanic, Latino, or Spanish origin",0,0,Asian,0,0,1,0,0,0,Freshmen,1,Statistics,3,NA,NA,NA,NA,NA,NA,NA,NA,NA,NA,NA,NA,NA,NA,NA,NA,NA,NA,NA,NA,NA,NA,NA,NA,NA,5,6,5,6,4,4,4,3,4,4,2,3,4,3,3,2,1,1,1,1,1,1,3,4,1,5,5,5,6,6,5,6,6,6,5,5,6,6,6,5,6,3,4,3,2,3,4,4,1,3,3,3,4,65
65P,0,post,3,04/07/2007,17.96,Male,2,"No, not of Hispanic, Latino, or Spanish origin",0,0,Asian,0,0,1,0,0,0,Freshmen,1,Statistics,3,NA,NA,NA,NA,NA,NA,NA,NA,NA,NA,NA,NA,NA,NA,NA,NA,NA,NA,NA,NA,NA,NA,NA,NA,NA,5,6,5,5,1,3,2,3,3,2,1,4,3,2,1,3,1,4,3,1,2,1,2,1,1,6,6,4,6,6,6,6,6,6,5,6,6,6,6,6,5,3,3,2,3,2,3,3,4,3,3,4,5,65
